,namePlayer,value,age,HEIGHT,WEIGHT,PTS,AST,REB,PIE,heightWOShoesInches,weightLBS,wingspanInches,reachStandingInches,verticalLeapStandingInches,verticalLeapMaxInches,timeLaneAgility,timeThreeQuarterCourtSprint,repsBenchPress135,pctBodyFat,heightWShoesInches,lengthHandInches,widthHandInches,timeModifiedLaneAgility
0,Bogdan Bogdanovic,18000000.0,30.0,78.0,220.0,9.6,2.3,3.3,0.08,,,,,,,,,,,,,,
1,Brandon Goodwin,1701593.0,27.0,72.0,180.0,3.9,1.6,1.0,0.062,,,,,,,,,,,,,,
2,Bruno Fernando,1517981.0,24.0,81.0,240.0,1.5,0.4,3.0,0.073,80.75,233.2,88.25,109.0,29.0,35.0,12.19,3.23,11.0,5.25,81.75,9.5,10.0,3.03
3,Bruno Fernando,1517981.0,24.0,81.0,240.0,1.5,0.4,3.0,0.073,80.75,237.0,87.25,110.0,29.5,33.5,11.29,3.21,13.0,5.4,82.25,9.25,10.0,3.05
4,Cam Reddish,4458000.0,23.0,80.0,218.0,11.2,1.3,4.0,0.053,,,,,,,,,,,,,,
5,Clint Capela,16000000.0,28.0,82.0,240.0,14.3,0.9,14.2,0.161,,,,,,,,,,,,,,
6,Danilo Gallinari,19500000.0,34.0,82.0,233.0,12.8,1.5,3.9,0.11,,,,,,,,,,,,,,
7,De'Andre Hunter,7422000.0,24.0,80.0,225.0,16.7,2.2,5.2,0.114,,,,,,,,,,,,,,
8,John Collins,4137302.0,25.0,81.0,235.0,18.3,1.3,7.8,0.124,80.25,225.2,83.25,106.5,33.0,37.5,11.66,3.27,15.0,5.4,81.5,9.0,10.0,3.27
9,Kevin Huerter,2761920.0,24.0,79.0,190.0,11.9,3.6,3.7,0.077,78.25,194.0,79.5,101.5,31.0,38.0,10.89,3.09,9.0,8.6,79.25,8.25,8.5,2.97
10,Khyri Thomas,744684.0,26.0,75.0,210.0,2.3,0.3,0.6,,74.5,198.8,82.5,101.0,30.0,35.0,10.96,3.18,14.0,6.4,75.75,8.75,9.25,3.18
11,Kris Dunn,4767000.0,28.0,75.0,205.0,7.3,3.4,3.6,0.082,75.0,,81.5,100.0,,,,,,,76.25,,,
12,Lou Williams,8000000.0,36.0,73.0,175.0,12.0,3.5,2.1,0.103,,,,,,,,,,,,,,
13,Onyeka Okongwu,5813640.0,,,,,,,,,,,,,,,,,,,,,
14,Solomon Hill,1620564.0,31.0,78.0,226.0,4.2,0.9,2.3,0.038,77.5,226.0,81.0,103.0,29.5,37.5,10.77,3.19,14.0,7.6,79.0,9.0,10.5,2.91
15,Tony Snell,12178571.0,31.0,78.0,213.0,5.6,1.4,2.3,0.072,78.0,198.2,83.5,105.5,30.0,36.5,11.36,3.25,7.0,4.85,79.25,9.0,9.5,2.84
16,Trae Young,6571800.0,24.0,73.0,180.0,25.7,9.4,4.1,0.151,72.5,177.8,75.0,95.5,,,,,,5.35,73.75,8.0,9.25,
17,Aaron Nesmith,3458400.0,,,,,,,,,,,,,,,,,,,,,
18,Carsen Edwards,1517981.0,24.0,71.0,200.0,5.1,0.6,1.1,0.076,70.75,195.6,78.25,94.5,28.5,34.5,11.59,3.2,12.0,6.3,72.0,8.5,9.25,3.15
19,Carsen Edwards,1517981.0,24.0,71.0,200.0,5.1,0.6,1.1,0.076,70.75,199.4,78.0,94.5,28.5,34.0,10.53,3.22,14.0,5.5,72.25,8.75,9.0,2.82
20,Demetrius Jackson,92857.0,28.0,73.0,201.0,1.8,0.7,0.7,,72.0,193.8,77.5,93.0,37.5,43.5,10.81,3.25,,6.5,73.25,8.25,9.0,2.87
21,Evan Fournier,17450000.0,30.0,79.0,205.0,19.6,3.7,3.0,0.107,,,,,,,,,,,,,,
22,Grant Williams,2498760.0,23.0,78.0,236.0,5.0,0.9,2.9,0.043,77.75,240.2,81.75,104.5,26.0,31.5,10.83,3.33,20.0,5.4,79.5,9.0,10.5,3.27
23,Guerschon Yabusele,1039080.0,26.0,80.0,260.0,2.3,0.4,1.4,,,,,,,,,,,,,,,
24,Jaylen Brown,23437500.0,26.0,78.0,223.0,24.7,3.9,5.6,0.132,77.25,222.8,83.75,102.5,,,,,,5.05,78.75,8.75,9.0,
25,Jayson Tatum,9897120.0,24.0,80.0,210.0,24.9,4.3,6.8,0.145,,,,,,,,,,,,,,
26,Kemba Walker,34379100.0,32.0,72.0,184.0,17.7,4.6,3.6,0.114,71.5,184.0,75.5,91.5,32.0,39.5,10.87,3.16,7.0,5.9,73.0,8.0,9.0,
27,Luke Kornet,2250000.0,27.0,86.0,250.0,2.0,0.3,1.2,0.08,,,,,,,,,,,,,,
28,Marcus Smart,13446428.0,28.0,75.0,220.0,12.8,5.4,2.8,0.09,74.0,227.2,81.25,99.0,33.0,36.0,10.82,3.26,,10.55,75.25,9.0,8.75,2.96
29,Moritz Wagner,2161920.0,25.0,83.0,245.0,7.1,1.3,2.9,0.094,82.0,231.2,84.0,108.0,25.5,32.5,12.0,3.35,,6.7,83.25,8.75,10.75,2.98
30,Moritz Wagner,2161920.0,25.0,83.0,245.0,7.1,1.3,2.9,0.094,82.5,241.4,84.0,108.0,27.0,34.0,11.48,3.18,8.0,6.75,83.5,9.0,10.75,3.07
31,Payton Pritchard,2035800.0,,,,,,,,,,,,,,,,,,,,,
32,Robert Williams,2029920.0,,,,,,,,,,,,,,,,,,,,,
33,Romeo Langford,3631200.0,23.0,76.0,216.0,2.5,0.4,1.3,0.024,76.5,,83.0,103.0,,,,,,,78.0,9.0,9.0,
34,Semi Ojeleye,1752950.0,27.0,78.0,240.0,5.4,0.8,3.0,0.063,77.25,241.4,81.75,102.0,35.0,40.5,10.58,3.16,19.0,5.5,78.75,8.75,9.5,3.07
35,Tristan Thompson,9258000.0,31.0,81.0,254.0,7.9,1.0,8.4,0.106,79.5,227.4,85.25,108.5,30.0,35.0,10.92,3.26,9.0,6.2,80.75,8.75,9.25,
36,Alize Johnson,110998.0,26.0,79.0,212.0,2.0,0.4,2.8,0.098,79.25,216.6,80.75,103.0,25.0,31.0,11.83,3.38,8.0,8.1,80.0,8.5,9.75,3.28
37,Andre Roberson,163818.0,30.0,79.0,210.0,1.2,0.8,3.0,0.023,78.25,205.8,83.0,104.5,30.0,36.5,11.36,3.34,10.0,7.05,79.0,8.75,9.5,3.02
38,Blake Griffin,776873.0,33.0,81.0,250.0,11.6,3.5,5.0,0.085,80.5,248.4,83.25,105.0,32.0,35.5,10.95,3.28,22.0,8.2,82.0,,,
39,Bruce Brown Jr,1663861.0,,,,,,,,,,,,,,,,,,,,,
40,DeAndre Jordan,10375678.0,34.0,83.0,265.0,7.6,1.7,7.5,0.108,81.75,250.0,90.0,113.5,26.0,30.5,12.3,3.27,8.0,7.5,83.0,,,
41,Iman Shumpert,447155.0,32.0,77.0,212.0,1.0,0.0,0.5,-0.011,76.25,221.8,81.5,99.5,36.5,42.0,11.1,3.18,18.0,6.5,77.5,9.0,9.0,
42,James Harden,41254920.0,33.0,77.0,220.0,25.3,11.2,7.9,0.17,76.0,222.0,82.75,103.5,31.5,37.0,11.1,3.13,17.0,10.1,77.25,,,
43,Jeff Green,1620564.0,36.0,80.0,235.0,9.8,1.5,3.8,0.073,79.0,228.0,85.25,103.0,33.5,38.0,12.0,3.34,17.0,3.7,81.5,,,
44,Joe Harris,16071429.0,31.0,78.0,220.0,14.7,1.8,3.5,0.085,76.75,215.0,78.0,100.0,28.5,33.5,11.11,3.31,,6.2,78.25,8.5,9.75,2.92
45,Kevin Durant,40108950.0,34.0,82.0,240.0,29.0,5.3,7.3,0.163,81.0,215.0,88.75,110.0,26.0,33.5,12.33,3.45,0.0,6.6,82.25,,,
46,Kyrie Irving,33460350.0,30.0,74.0,195.0,28.1,5.7,4.8,0.15,73.75,191.0,76.0,99.0,,,,,,10.2,75.5,8.25,9.25,
47,LaMarcus Aldridge,554988.0,37.0,83.0,250.0,13.7,1.7,4.5,0.096,82.0,234.0,88.75,110.0,26.5,34.0,12.02,3.43,8.0,8.7,83.25,,,
48,Landry Shamet,2090040.0,25.0,76.0,190.0,7.8,1.1,1.8,0.059,76.0,188.6,78.75,100.0,31.0,39.5,11.26,3.11,8.0,4.85,77.25,8.0,9.0,3.21
49,Nicolas Claxton,1517981.0,23.0,83.0,215.0,9.8,0.9,4.3,0.143,82.0,216.6,86.5,110.0,31.5,36.5,11.26,3.36,8.0,4.5,83.75,9.25,9.5,3.47
50,Noah Vonleh,263995.0,27.0,82.0,257.0,0.0,0.3,0.3,-0.094,80.0,247.1,88.25,108.0,31.0,37.0,11.45,3.28,,7.3,81.5,9.75,11.75,3.29
51,Norvel Pelle,217845.0,29.0,82.0,231.0,2.3,0.3,2.0,-0.012,81.5,207.2,86.5,109.0,31.0,34.5,11.49,3.32,0.0,5.15,82.5,8.75,9.5,3.2
52,Spencer Dinwiddie,11454048.0,29.0,77.0,215.0,6.7,3.0,4.3,0.102,76.5,204.9,80.25,103.0,,,,,,5.35,78.0,8.25,9.0,
53,Timothe LuwawuCabarrot,1824003.0,,,,,,,,,,,,,,,,,,,,,
54,Tyler Cook,99020.0,25.0,80.0,255.0,0.7,0.3,1.5,0.037,79.25,245.4,84.5,106.5,27.5,32.0,11.32,3.28,11.0,6.1,80.75,9.5,10.75,3.1
55,Tyler Johnson,1620564.0,30.0,75.0,186.0,5.2,0.9,1.8,0.065,,,,,,,,,,,,,,
56,Bismack Biyombo,3500000.0,30.0,80.0,255.0,5.5,1.3,5.5,0.067,,,,,,,,,,,,,,
57,Brad Wanamaker,2250000.0,33.0,75.0,210.0,4.7,2.5,1.7,0.07,,,,,,,,,,,,,,
58,Caleb Martin,1517981.0,27.0,77.0,205.0,5.3,1.1,2.6,0.076,76.75,195.8,82.0,101.5,29.0,36.5,10.43,3.26,6.0,7.0,78.0,8.5,8.75,2.75
59,Cody Martin,1517981.0,27.0,77.0,205.0,3.8,1.2,2.4,0.091,76.75,188.6,82.25,102.5,29.0,36.5,10.64,3.09,4.0,5.45,78.0,8.5,9.0,3.05
60,Cody Martin,1517981.0,27.0,77.0,205.0,3.8,1.2,2.4,0.091,76.75,192.2,82.25,102.5,28.0,35.5,10.44,3.32,7.0,5.0,77.5,8.25,9.0,2.99
61,Cody Zeller,15415730.0,30.0,83.0,240.0,9.2,2.3,7.1,0.101,82.75,230.0,82.75,106.0,35.5,37.5,10.82,3.15,17.0,4.75,84.25,8.5,10.5,2.69
62,Devonte' Graham,1663861.0,27.0,73.0,195.0,13.1,5.2,2.7,0.09,,,,,,,,,,,,,,
63,Gordon Hayward,28500000.0,32.0,79.0,225.0,20.4,4.2,5.6,0.125,78.75,211.0,79.75,103.0,30.5,34.5,11.73,3.22,10.0,6.9,80.0,8.5,9.25,
64,Jalen McDaniels,1517981.0,24.0,81.0,205.0,4.5,0.5,2.4,0.049,80.25,191.6,84.25,105.5,29.5,33.5,11.54,3.32,0.0,5.7,81.75,9.0,10.0,3.23
65,LaMelo Ball,7839960.0,,,,,,,,,,,,,,,,,,,,,
66,Malik Monk,5345687.0,24.0,75.0,200.0,12.3,1.8,2.7,0.093,,,,,,,,,,,,,,
67,Miles Bridges,3934320.0,24.0,78.0,225.0,9.6,2.0,5.6,0.088,77.25,220.4,81.5,103.5,,,,,,5.9,78.75,9.0,9.75,
68,Nick Richards,1000000.0,,,,,,,,82.5,241.6,86.25,110.0,30.0,34.0,11.42,3.25,,8.5,83.5,9.0,9.0,2.92
69,Nicolas Batum,9043478.0,33.0,80.0,230.0,8.6,2.3,4.7,0.086,,,,,,,,,,,,,,
70,PJ Washington,4023600.0,,,,,,,,78.5,223.0,86.5,107.0,27.0,34.0,11.39,3.2,3.0,6.85,80.0,9.0,10.25,3.43
71,Terry Rozier,18900000.0,28.0,73.0,190.0,20.2,3.3,3.8,0.112,72.5,190.2,80.25,98.5,33.0,38.0,10.84,3.15,7.0,5.6,74.25,8.25,8.5,2.84
72,Vernon Carey Jr,1350000.0,,,,,,,,,,,,,,,,,,,,,
73,AlFarouq Aminu,9720900.0,,,,,,,,,,,,,,,,,,,,,
74,Coby White,5572680.0,22.0,77.0,195.0,15.2,4.7,4.6,0.087,75.5,191.4,77.0,97.5,,,,,,4.3,76.75,7.75,9.0,
75,Cristiano Felicio,7529020.0,30.0,83.0,270.0,1.6,0.7,1.7,0.166,,,,,,,,,,,,,,
76,Daniel Theis,5000000.0,30.0,80.0,245.0,9.4,1.6,5.3,0.094,,,,,,,,,,,,,,
77,Denzel Valentine,4642800.0,28.0,76.0,220.0,7.4,1.7,3.9,0.095,76.0,210.4,82.75,102.0,27.0,32.0,10.51,3.46,,9.2,77.75,8.5,9.75,3.22
78,Garrett Temple,4767000.0,36.0,77.0,195.0,8.5,2.0,3.1,0.056,,,,,,,,,,,,,,
79,Javonte Green,1517981.0,29.0,76.0,205.0,4.2,0.4,2.1,0.069,,,,,,,,,,,,,,
80,Lauri Markkanen,6731508.0,25.0,84.0,240.0,17.7,0.9,6.0,0.112,,,,,,,,,,,,,,
81,Nikola Vucevic,26000000.0,32.0,83.0,260.0,24.5,3.8,11.7,0.172,82.25,259.8,88.5,112.5,23.5,25.0,12.02,3.27,8.0,6.1,83.75,9.25,10.25,
82,Noah Vonleh  W,97261.0,,,,,,,,,,,,,,,,,,,,,
83,Patrick Williams,7068360.0,,,,,,,,,,,,,,,,,,,,,
84,Ryan Arcidiacono,3000000.0,28.0,75.0,195.0,3.2,1.2,1.6,0.071,,,,,,,,,,,,,,
85,Thaddeus Young,13545000.0,34.0,80.0,235.0,12.2,4.4,6.5,0.131,77.75,210.0,83.5,106.0,34.5,37.0,11.06,3.19,13.0,4.9,79.5,,,
86,Tomas Satoransky,10000000.0,31.0,79.0,210.0,7.5,4.8,2.5,0.102,78.5,200.6,79.25,100.0,,,,,,5.2,79.5,8.5,9.5,
87,Troy Brown Jr,3372840.0,,,,,,,,,,,,,,,,,,,,,
88,Zach LaVine,19500000.0,27.0,77.0,200.0,28.2,4.9,5.1,0.146,76.5,180.9,80.25,100.0,33.5,41.5,10.42,3.19,,4.7,77.75,8.25,8.75,2.8
89,Andre Drummond,27957238.0,29.0,82.0,279.0,17.5,2.6,13.5,0.153,81.75,278.6,90.25,109.5,31.5,33.5,10.83,3.39,10.0,7.5,83.75,9.5,9.5,
90,Cedi Osman,8840580.0,27.0,79.0,230.0,10.1,2.7,3.6,0.076,,,,,,,,,,,,,,
91,Collin Sexton,4991880.0,23.0,73.0,190.0,24.0,4.3,2.8,0.112,72.5,183.0,79.25,98.5,,,,,,5.6,73.5,8.25,8.5,
92,Damyean Dotson,2000000.0,28.0,77.0,210.0,6.7,2.2,1.9,0.077,76.5,205.2,81.0,100.0,31.5,38.0,11.18,3.13,13.0,5.3,77.5,8.5,9.25,3.03
93,Darius Garland,6720720.0,22.0,73.0,192.0,16.4,5.8,2.2,0.09,,,,,,,,,,,,,,
94,Dean Wade,1517981.0,25.0,81.0,228.0,4.1,0.8,2.3,0.083,,,,,,,,,,,,,,
95,Dylan Windler,2137440.0,26.0,78.0,196.0,5.4,1.1,3.6,0.087,78.25,195.8,82.0,104.5,29.0,37.5,10.7,3.3,8.0,4.6,79.5,8.25,9.5,2.94
96,Isaac Okoro,6400920.0,,,,,,,,,,,,,,,,,,,,,
97,Isaiah Hartenstein,1620564.0,24.0,84.0,250.0,3.5,0.5,2.8,0.077,,,,,,,,,,,,,,
98,Jarrett Allen,3909902.0,24.0,83.0,243.0,12.9,1.6,9.9,0.147,81.0,233.6,89.25,109.5,31.5,35.5,11.82,3.21,4.0,7.4,82.25,9.5,10.5,3.0
99,JR Smith,1456667.0,37.0,78.0,220.0,12.4,2.1,3.1,,,,,,,,,,,,,,,
100,Kevin Love,31258256.0,34.0,80.0,251.0,5.8,1.3,3.3,0.074,79.75,255.0,83.25,106.0,29.5,35.0,11.17,3.22,18.0,12.9,81.5,,,
101,Larry Nance Jr,11709091.0,,,,,,,,,,,,,,,,,,,,,
102,Matthew Dellavedova,1620564.0,32.0,75.0,200.0,3.1,3.2,1.3,0.059,,,,,,,,,,,,,,
103,Quinn Cook,110998.0,29.0,73.0,180.0,2.9,0.7,0.7,0.095,72.25,179.0,76.0,96.5,24.5,31.0,11.44,3.38,14.0,6.7,74.0,7.5,8.75,3.41
104,Quinn Cook  E,110998.0,,,,,,,,,,,,,,,,,,,,,
105,Rayjon Tucker,340000.0,25.0,75.0,209.0,4.0,1.0,0.0,-1.5,,,,,,,,,,,,,,
106,Taurean Prince,12250000.0,28.0,79.0,218.0,8.3,1.7,3.6,0.076,78.5,220.2,83.5,102.0,34.0,36.0,10.96,3.24,,6.45,79.75,9.0,8.5,2.8
107,Thon Maker,309355.0,25.0,84.0,221.0,3.8,0.5,2.3,0.134,83.75,216.0,87.0,110.5,32.0,36.5,11.15,3.33,,6.05,84.75,8.75,9.5,3.09
108,Yogi Ferrell,110998.0,29.0,72.0,178.0,9.5,2.5,3.5,0.071,,,,,,,,,,,,,,
109,Boban Marjanovic,3500000.0,34.0,88.0,290.0,4.4,0.2,3.9,0.15,,,,,,,,,,,,,,
110,Dorian FinneySmith,4000000.0,,,,,,,,,,,,,,,,,,,,,
111,Dwight Powell,11080125.0,31.0,82.0,240.0,4.4,0.8,3.3,0.074,81.5,234.4,84.5,105.0,28.5,35.0,11.28,3.2,,6.2,83.0,9.0,9.25,2.88
112,Jalen Brunson,1663861.0,26.0,73.0,190.0,12.2,3.2,3.4,0.125,73.0,198.4,76.0,96.0,29.0,37.0,10.59,3.15,7.0,6.7,74.25,8.25,9.25,3.11
113,JJ Barea,1620564.0,,,,,,,,,,,,,,,,,,,,,
114,JJ Redick,13013700.0,38.0,75.0,200.0,8.7,1.3,1.7,0.071,76.0,190.0,75.25,97.5,27.5,33.0,10.94,3.29,6.0,7.0,76.75,,,
115,Josh Green,2816760.0,,,,,,,,76.5,214.0,81.75,101.5,30.5,39.5,10.64,3.12,,6.8,77.5,8.0,8.75,2.28
116,Josh Richardson,10865952.0,29.0,77.0,200.0,13.3,2.7,3.3,0.075,,,,,,,,,,,,,,
117,Kristaps Porzingis,29467800.0,27.0,87.0,240.0,19.7,1.3,8.6,0.131,,,,,,,,,,,,,,
118,Luka Doncic,8049360.0,23.0,79.0,230.0,29.0,9.2,8.4,0.187,,,,,,,,,,,,,,
119,Maxi Kleber,8325000.0,30.0,82.0,240.0,7.8,1.4,5.4,0.082,,,,,,,,,,,,,,
120,Nicolo Melli,3897436.0,31.0,81.0,236.0,2.0,1.1,2.6,0.058,,,,,,,,,,,,,,
121,Tim Hardaway Jr,18975000.0,,,,,,,,,,,,,,,,,,,,,
122,Trey Burke,3000000.0,30.0,72.0,185.0,7.0,1.5,0.9,0.083,71.75,187.0,77.5,97.5,29.5,36.5,11.2,3.16,3.0,6.9,73.25,8.25,8.75,3.01
123,Tyrell Terry,1289846.0,,,,,,,,73.5,170.0,73.75,96.0,30.0,34.0,10.78,3.28,,7.6,75.0,7.5,8.25,2.59
124,Willie CauleyStein,4100000.0,,,,,,,,,,,,,,,,,,,,,
125,Aaron Gordon,18136364.0,27.0,80.0,235.0,14.6,4.3,6.6,0.11,79.5,220.1,83.75,105.0,32.5,39.0,10.81,3.27,,5.05,80.75,8.75,10.5,2.76
126,Bol Manute Bol,2058240.0,,,,,,,,,,,,,,,,,,,,,
127,Facundo Campazzo,3200000.0,,,,,,,,,,,,,,,,,,,,,
128,Gary Clark,2000000.0,27.0,78.0,225.0,3.4,0.9,3.2,0.044,,,,,,,,,,,,,,
129,Jamal Murray,27285000.0,25.0,75.0,215.0,21.1,4.8,4.0,0.115,,,,,,,,,,,,,,
130,JaMychal Green,7199760.0,32.0,80.0,227.0,8.7,0.8,5.5,0.095,80.0,217.4,86.25,106.5,29.5,32.5,10.63,3.38,19.0,9.8,81.0,9.25,9.25,
131,JaVale McGee,4200000.0,34.0,84.0,270.0,8.0,1.0,5.2,0.126,83.0,241.0,90.0,114.5,27.0,32.5,12.75,3.25,7.0,5.3,84.0,,,
132,Michael Porter Jr,3550800.0,,,,,,,,,,,,,,,,,,,,,
133,Monte Morris,1723707.0,27.0,74.0,183.0,10.4,3.4,2.2,0.089,73.25,175.2,76.0,96.5,28.0,33.5,11.0,3.19,8.0,6.9,74.5,8.25,8.75,3.2
134,Nikola Jokic,29542010.0,27.0,83.0,284.0,27.1,8.6,11.3,0.205,,,,,,,,,,,,,,
135,Paul Millsap,10000000.0,37.0,79.0,257.0,9.5,1.6,5.0,0.09,78.25,258.0,85.5,105.5,28.5,32.5,11.67,3.3,15.0,9.7,79.25,,,
136,PJ Dozier,1762796.0,26.0,78.0,205.0,7.7,1.6,3.8,0.087,77.25,200.6,83.0,101.0,34.0,39.0,10.84,3.15,9.0,6.1,78.75,8.5,9.5,2.98
137,Vlatko Cancar,1517981.0,25.0,80.0,236.0,1.4,0.3,1.2,0.056,,,,,,,,,,,,,,
138,Will Barton,13723214.0,31.0,78.0,181.0,13.0,3.2,4.1,0.081,77.0,174.4,81.75,102.5,30.0,34.0,12.5,3.6,0.0,4.1,78.0,9.0,9.5,
139,Zeke Nnaji,2379840.0,,,,,,,,81.25,246.8,86.0,105.5,33.0,38.0,10.94,3.2,,5.9,82.5,9.0,10.5,2.72
140,Blake Griffin,32670565.0,33.0,81.0,250.0,11.6,3.5,5.0,0.085,80.5,248.4,83.25,105.0,32.0,35.5,10.95,3.28,22.0,8.2,82.0,,,
141,Cory Joseph,12600000.0,31.0,75.0,200.0,6.7,2.4,2.2,0.058,74.0,186.2,77.5,99.0,27.5,35.0,10.75,3.27,5.0,9.7,75.25,8.5,10.5,
142,Deividas Sirvydis,898310.0,,,,,,,,,,,,,,,,,,,,,
143,Dennis Smith Jr,5686677.0,,,,,,,,,,,,,,,,,,,,,
144,Dewayne Dedmon,2866667.0,33.0,84.0,245.0,6.4,0.7,6.0,,82.0,238.8,88.0,109.0,28.0,32.5,12.75,3.4,8.0,8.35,83.5,9.0,11.0,3.26
145,Dzanan Musa,2002800.0,23.0,81.0,217.0,4.3,0.9,1.9,,,,,,,,,,,,,,,
146,Hamidou Diallo,1663861.0,24.0,77.0,202.0,11.9,2.4,5.2,0.103,75.75,197.4,83.25,101.5,34.5,44.5,10.88,3.11,0.0,5.2,77.0,8.5,9.5,2.79
147,Hamidou Diallo,1663861.0,24.0,77.0,202.0,11.9,2.4,5.2,0.103,76.25,197.0,83.5,103.0,32.5,40.5,10.53,3.1,1.0,4.45,78.0,8.75,9.0,3.14
148,Isaiah Stewart II,3121080.0,,,,,,,,,,,,,,,,,,,,,
149,Jahlil Okafor,1882867.0,26.0,82.0,270.0,4.3,0.3,2.3,0.1,,,,,,,,,,,,,,
150,Jerami Grant,19050000.0,28.0,80.0,210.0,23.3,2.8,5.0,0.117,78.5,214.0,86.75,107.0,,,,,,3.75,79.75,9.25,9.25,
151,Josh Jackson,4767000.0,25.0,80.0,207.0,13.2,2.1,4.2,0.085,,,,,,,,,,,,,,
152,Killian Hayes,5307120.0,,,,,,,,,,,,,,,,,,,,,
153,Mason Plumlee,8000000.0,32.0,83.0,254.0,10.3,3.6,9.5,0.124,83.25,238.2,83.0,108.0,30.5,36.0,10.89,3.29,14.0,6.15,84.5,9.75,9.5,2.76
154,Rodney McGruder,5192307.0,31.0,76.0,205.0,5.6,1.0,1.4,0.092,,,,,,,,,,,,,,
155,Saddiq Bey,2689920.0,,,,,,,,,,,,,,,,,,,,,
156,Sekou Doumbouya,3449400.0,21.0,80.0,230.0,3.9,0.6,2.2,0.036,,,,,,,,,,,,,,
157,Tyler Cook  E,99020.0,,,,,,,,,,,,,,,,,,,,,
158,Wayne Ellington,1620564.0,34.0,76.0,207.0,10.6,1.4,1.8,0.073,76.25,202.4,78.5,100.0,31.5,38.0,11.14,3.2,13.0,5.5,77.25,,,
159,Zhaire Smith,1068200.0,23.0,75.0,205.0,3.7,0.9,1.2,,74.75,198.6,81.75,100.0,33.0,41.5,11.02,3.05,10.0,6.05,76.0,8.75,8.25,3.15
160,Alen Smailagic,1517981.0,22.0,82.0,215.0,1.7,0.0,0.0,-0.197,,,,,,,,,,,,,,
161,Andrew Wiggins,29542010.0,27.0,79.0,197.0,17.7,2.1,4.6,0.095,,,,,,,,,,,,,,
162,Damion Lee,1762796.0,30.0,77.0,210.0,6.7,1.4,3.3,0.095,,,,,,,,,,,,,,
163,Draymond Green,22246956.0,32.0,78.0,230.0,6.1,8.4,6.6,0.097,77.75,235.6,85.25,105.0,28.0,33.0,11.01,3.4,9.0,11.3,79.5,9.0,9.5,
164,Eric Paschall,1517981.0,26.0,78.0,255.0,9.5,1.3,3.2,0.097,78.0,254.4,87.75,103.5,33.0,38.0,11.63,3.3,18.0,6.3,79.25,9.0,9.5,3.26
165,James Wiseman,8730240.0,,,,,,,,,,,,,,,,,,,,,
166,Jordan Poole,2063280.0,23.0,76.0,194.0,10.8,1.4,1.6,0.136,75.5,190.8,78.75,99.5,28.0,35.5,10.59,3.27,,7.5,77.5,8.25,8.5,3.14
167,Kelly Oubre,14375000.0,,,,,,,,77.75,202.8,86.25,102.5,34.5,37.0,11.09,3.32,7.0,5.7,78.75,9.0,8.75,3.12
168,Kent Bazemore,1620564.0,33.0,76.0,195.0,6.1,1.6,2.9,0.077,,,,,,,,,,,,,,
169,Kevon Looney,4821429.0,26.0,81.0,222.0,3.9,1.6,4.2,0.093,80.0,222.4,87.5,110.0,,,,,,11.9,81.25,9.5,9.25,
170,Klay Thompson,35361360.0,32.0,78.0,215.0,21.5,2.4,3.8,0.103,77.75,205.6,81.0,103.5,26.5,31.5,10.99,3.24,5.0,8.0,79.25,8.75,9.25,
171,Mychal Mulder,1517981.0,,,,,,,,,,,,,,,,,,,,,
172,Shaun Livingston,666667.0,37.0,79.0,192.0,6.3,3.0,2.4,,78.25,186.0,83.0,105.5,26.5,30.0,10.72,3.23,,6.7,79.5,,,
173,Stephen Curry,43006362.0,34.0,75.0,185.0,29.0,6.2,5.3,0.176,74.0,181.0,75.5,97.0,29.5,35.5,11.07,3.28,10.0,5.7,75.25,,,
174,Avery Bradley,5635000.0,31.0,75.0,180.0,8.5,1.4,1.8,0.062,74.0,180.4,79.25,98.5,31.5,37.5,11.47,3.14,2.0,4.0,75.25,8.25,9.5,
175,Ben McLemore,2283034.0,29.0,75.0,195.0,6.6,0.9,2.2,0.05,75.5,189.2,79.75,100.5,32.5,42.0,11.87,3.27,6.0,5.0,76.75,8.75,9.5,3.11
176,Bruno Caboclo,361256.0,27.0,81.0,218.0,2.8,0.2,2.3,0.113,,,,,,,,,,,,,,
177,Chris Clemons,1517981.0,25.0,69.0,180.0,4.9,0.8,0.9,,,,,,,,,,,,,,,
178,Christian Wood,13015874.0,27.0,82.0,214.0,21.9,1.4,9.8,0.169,81.25,216.0,87.25,111.5,,,,,,14.7,82.5,9.25,10.75,
179,Dante Exum,9600000.0,27.0,77.0,214.0,3.8,2.2,2.8,0.058,76.5,196.3,81.5,103.0,31.5,34.5,10.75,3.19,,6.4,78.0,8.5,9.5,2.88
180,Danuel House,3717000.0,,,,,,,,,,,,,,,,,,,,,
181,DaQuan Jeffries,1445697.0,25.0,77.0,230.0,3.9,0.3,1.6,0.036,76.0,215.6,83.25,104.0,,,,,,3.9,77.0,9.5,10.25,
182,David Nwaba,1824003.0,29.0,77.0,219.0,9.2,1.0,3.9,0.089,,,,,,,,,,,,,,
183,DeMarcus Cousins,1620564.0,32.0,82.0,270.0,9.6,2.4,7.6,0.127,81.5,291.8,89.75,113.0,23.5,27.5,11.4,3.55,,16.4,82.75,9.25,10.0,
184,DJ Augustin,6666667.0,,,,,,,,,,,,,,,,,,,,,
185,DJ Wilson,4548280.0,,,,,,,,,,,,,,,,,,,,,
186,Eric Gordon,16869276.0,33.0,75.0,215.0,17.8,2.6,2.1,0.097,74.0,222.0,81.0,99.0,32.0,40.0,10.81,3.01,15.0,8.2,75.25,,,
187,Jae'Sean Tate,1445697.0,,,,,,,,,,,,,,,,,,,,,
188,Jerian Grant,50000.0,30.0,76.0,198.0,6.1,2.9,1.9,,75.25,198.0,79.5,100.0,,,,,,5.6,76.25,8.25,8.5,
189,John Wall,41254920.0,32.0,75.0,210.0,21.1,6.3,3.5,0.118,74.75,195.6,81.25,101.5,30.0,39.0,10.84,3.14,,5.6,76.0,8.25,9.5,
190,Kelly Olynyk,12819649.0,31.0,83.0,240.0,10.0,2.1,6.1,0.087,82.75,234.0,81.75,108.0,24.5,29.5,11.42,3.59,5.0,6.65,84.0,8.5,10.0,2.99
191,Kevin Porter Jr,1717981.0,,,,,,,,,,,,,,,,,,,,,
192,KJ Martin,898310.0,,,,,,,,,,,,,,,,,,,,,
193,Mason Jones,61528.0,,,,,,,,75.75,207.2,79.0,102.5,24.0,31.0,10.6,3.33,,8.9,77.7,8.75,8.5,2.49
194,Sterling Brown,1620564.0,27.0,77.0,219.0,7.6,1.6,4.5,0.082,,,,,,,,,,,,,,
195,Troy Williams,122741.0,27.0,79.0,218.0,6.0,0.7,2.7,,77.75,217.8,80.25,102.0,30.0,36.0,10.72,3.35,,10.0,78.75,8.25,9.25,3.08
196,Aaron Holiday,2345640.0,26.0,72.0,185.0,6.9,1.7,1.2,0.045,71.75,187.0,79.5,97.0,25.5,33.0,10.96,3.27,,6.4,72.75,8.75,8.5,3.22
197,Caris LeVert,16203704.0,28.0,78.0,205.0,17.3,5.3,4.2,0.115,77.75,191.0,82.0,101.0,,,,,,7.55,79.0,8.5,9.25,
198,Domantas Sabonis,19800000.0,26.0,83.0,240.0,20.2,6.2,11.2,0.144,,,,,,,,,,,,,,
199,Doug McDermott,7333333.0,30.0,79.0,225.0,13.6,1.4,3.9,0.096,78.25,218.0,81.25,103.0,28.5,36.5,11.1,3.29,,7.1,79.75,8.75,9.75,3.15
200,Edmond Sumner,2160000.0,26.0,76.0,196.0,4.9,0.4,1.4,0.06,76.0,176.4,81.0,102.5,,,,,,8.3,77.75,8.25,9.0,
201,Goga Bitadze,2957520.0,23.0,83.0,250.0,3.8,0.3,2.2,0.071,,,,,,,,,,,,,,
202,JaKarr Sampson,1620564.0,29.0,79.0,214.0,2.6,0.1,1.9,0.088,,,,,,,,,,,,,,
203,Jalen Lecque,1517981.0,22.0,76.0,185.0,1.3,0.5,1.3,0.12,74.5,185.2,80.5,98.5,35.0,43.0,11.09,3.29,1.0,4.0,76.25,8.75,8.5,3.3
204,Jeremy Lamb,10500000.0,30.0,77.0,180.0,11.1,1.6,3.6,0.104,76.0,179.2,83.0,102.0,31.5,38.0,10.98,3.25,5.0,4.5,77.25,8.75,9.25,
205,Justin Holiday,5720400.0,33.0,78.0,180.0,11.6,1.7,3.9,0.072,,,,,,,,,,,,,,
206,Kelan Martin,1445697.0,27.0,77.0,230.0,1.3,0.1,0.9,0.066,,,,,,,,,,,,,,
207,Malcolm Brogdon,20700000.0,29.0,77.0,229.0,21.6,6.1,4.7,0.125,75.75,223.0,82.5,98.0,30.5,35.5,10.77,3.31,,5.4,77.5,9.0,10.25,2.64
208,Monta Ellis,2245400.0,37.0,75.0,185.0,17.8,4.6,3.5,,74.25,176.6,74.75,98.0,26.5,31.5,12.13,3.31,0.0,,75.25,,,
209,Myles Turner,18000000.0,26.0,83.0,250.0,13.2,1.0,6.5,0.094,81.75,238.6,88.0,112.0,,,,,,9.3,83.5,9.25,9.25,
210,Oshae Brissett,99020.0,24.0,79.0,210.0,1.9,0.4,1.4,,,,,,,,,,,,,,,
211,TJ McConnell,3500000.0,,,,,,,,72.5,187.8,74.0,96.5,26.0,31.5,10.95,3.3,7.0,7.3,74.0,7.5,7.0,3.09
212,TJ Warren,12000000.0,,,,,,,,,,,,,,,,,,,,,
213,Daniel Oturu,898310.0,,,,,,,,,,,,,,,,,,,,,
214,DeMarcus Cousins,110998.0,32.0,82.0,270.0,9.6,2.4,7.6,0.127,81.5,291.8,89.75,113.0,23.5,27.5,11.4,3.55,,16.4,82.75,9.25,10.0,
215,Ivica Zubac,7000000.0,25.0,84.0,240.0,8.5,1.1,7.0,0.126,,,,,,,,,,,,,,
216,Kawhi Leonard,34379100.0,31.0,79.0,225.0,25.9,4.9,6.3,0.169,78.0,227.4,87.0,106.0,25.5,32.0,11.45,3.15,3.0,5.4,79.0,9.75,11.25,
217,Luke Kennard,5273826.0,26.0,77.0,206.0,8.0,1.8,2.7,0.087,76.5,196.2,77.25,98.5,,,,,,6.6,77.5,8.0,8.75,
218,Marcus Morris,14883721.0,,,,,,,,79.0,229.6,82.0,105.5,29.0,33.0,,3.15,11.0,8.0,80.75,8.25,8.5,
219,Nicolas Batum,1620564.0,33.0,80.0,230.0,8.6,2.3,4.7,0.086,,,,,,,,,,,,,,
220,Patrick Beverley,13333333.0,34.0,73.0,180.0,8.3,2.1,3.7,0.072,,,,,,,,,,,,,,
221,Patrick Patterson,3077704.0,33.0,80.0,235.0,4.7,0.5,2.0,0.06,80.0,239.6,85.25,107.0,28.5,33.5,11.14,3.25,17.0,5.3,81.25,9.25,10.25,
222,Paul George,35450412.0,32.0,80.0,220.0,22.5,5.5,6.0,0.144,79.75,214.4,83.25,107.0,,,,,4.0,5.0,80.75,8.5,9.0,
223,Rajon Rondo,8250000.0,36.0,73.0,180.0,3.9,3.5,2.0,0.095,,,,,,,,,,,,,,
224,Reggie Jackson,1620564.0,32.0,74.0,208.0,8.7,2.8,2.6,0.082,,,,,,,,,,,,,,
225,Serge Ibaka,9258000.0,33.0,82.0,235.0,10.9,1.7,6.7,0.112,,,,,,,,,,,,,,
226,Terance Mann,1517981.0,26.0,77.0,215.0,5.3,1.2,3.4,0.08,76.75,204.6,79.75,101.0,32.5,38.5,11.51,3.3,6.0,4.0,78.5,9.5,9.25,3.14
227,Alex Caruso,2750000.0,28.0,76.0,186.0,5.8,2.4,2.9,0.08,,,,,,,,,,,,,,
228,Alfonzo McKinnie,1762796.0,30.0,79.0,215.0,2.5,0.1,1.1,0.103,,,,,,,,,,,,,,
229,Andre Drummond,554988.0,29.0,82.0,279.0,17.5,2.6,13.5,0.153,81.75,278.6,90.25,109.5,31.5,33.5,10.83,3.39,10.0,7.5,83.75,9.5,9.5,
230,Anthony Davis,32742000.0,29.0,82.0,253.0,22.5,3.0,8.4,0.163,81.25,221.8,89.5,108.0,,,,,,7.9,82.5,9.0,8.5,
231,Ben McLemore,455090.0,29.0,75.0,195.0,6.6,0.9,2.2,0.05,75.5,189.2,79.75,100.5,32.5,42.0,11.87,3.27,6.0,5.0,76.75,8.75,9.5,3.11
232,Damian Jones,110998.0,27.0,83.0,245.0,3.0,0.2,2.0,0.062,82.25,243.6,87.75,107.0,36.0,37.0,11.35,3.2,,6.55,83.5,8.75,10.5,3.12
233,Damian Jones  E,110998.0,,,,,,,,,,,,,,,,,,,,,
234,Dennis Schroder,16000000.0,29.0,75.0,172.0,15.0,4.7,3.5,0.086,73.0,164.8,79.75,98.0,30.0,34.0,11.09,3.21,1.0,4.1,74.0,8.75,10.5,2.86
235,Jared Dudley,1620564.0,37.0,78.0,237.0,0.5,0.5,1.7,0.057,77.0,219.0,79.0,102.0,28.0,32.0,11.32,3.45,14.0,7.1,79.25,,,
236,Jordan Bell,580062.0,27.0,80.0,216.0,3.3,1.7,5.3,0.074,79.0,223.6,83.75,104.5,31.5,38.0,10.63,3.21,16.0,5.4,80.5,9.25,9.5,2.83
237,Kentavious CaldwellPope,12073020.0,,,,,,,,,,,,,,,,,,,,,
238,Kyle Kuzma,3562178.0,27.0,82.0,221.0,12.1,1.5,6.7,0.1,80.0,222.6,84.25,107.5,27.0,34.0,10.72,3.25,12.0,9.4,81.5,8.5,9.5,2.98
239,LeBron James,39219566.0,37.0,81.0,250.0,25.4,7.9,7.9,0.194,79.25,245.0,84.25,106.25,,,,,,6.7,,,,
240,Luol Deng,5000000.0,37.0,81.0,237.0,14.8,2.3,6.1,,79.0,220.0,84.5,108.5,27.5,31.5,11.46,3.34,5.0,6.7,80.0,,,
241,Marc Gasol,2564753.0,37.0,83.0,255.0,4.8,2.0,4.1,0.071,,,,,,,,,,,,,,
242,Markieff Morris,1620564.0,33.0,81.0,245.0,6.1,1.1,4.2,0.078,79.75,240.8,82.75,106.5,27.0,31.5,,3.4,11.0,10.2,81.25,8.5,8.25,
243,Montrezl Harrell,9258000.0,28.0,79.0,240.0,14.8,1.1,6.6,0.153,79.0,253.4,88.25,109.0,,,,,,11.9,79.5,9.0,9.75,
244,Quinn Cook,1000000.0,29.0,73.0,180.0,2.9,0.7,0.7,0.095,72.25,179.0,76.0,96.5,24.5,31.0,11.44,3.38,14.0,6.7,74.0,7.5,8.75,3.41
245,Quinn Cook  W,797183.0,,,,,,,,,,,,,,,,,,,,,
246,Talen HortonTucker,1517981.0,,,,,,,,,,,,,,,,,,,,,
247,Wesley Matthews,3623000.0,36.0,76.0,220.0,4.5,1.0,1.4,0.035,,,,,,,,,,,,,,
248,Brandon Clarke,2602920.0,26.0,80.0,215.0,11.8,1.5,5.5,0.11,79.25,207.2,80.25,102.0,34.0,40.5,10.61,3.15,10.0,4.9,80.25,8.25,9.5,3.05
249,Dakari Johnson,459414.0,27.0,84.0,255.0,1.8,0.3,1.1,,83.0,264.6,86.0,112.0,22.5,25.0,11.76,3.62,4.0,14.9,83.75,9.25,10.5,2.94
250,De'Anthony Melton,9571712.0,24.0,74.0,200.0,9.6,2.9,3.4,0.115,,,,,,,,,,,,,,
251,Desmond Bane,1936440.0,,,,,,,,,,,,,,,,,,,,,
252,Dillon Brooks,11400000.0,26.0,79.0,225.0,15.8,2.6,3.0,0.058,77.0,220.2,78.0,100.5,31.0,37.5,11.14,3.21,16.0,7.5,78.0,8.25,9.25,3.24
253,Dion Waiters,12650000.0,30.0,75.0,210.0,13.1,2.8,2.6,,74.5,221.0,79.25,98.0,,,,,,8.5,76.0,8.5,9.5,
254,Gorgui Dieng,16587688.0,32.0,82.0,252.0,7.9,1.3,4.5,0.124,81.75,229.6,87.5,111.5,,,,,,5.35,82.75,9.0,10.0,
255,Grayson Allen,2545320.0,27.0,76.0,198.0,9.5,2.1,3.1,0.085,75.0,198.0,79.25,97.0,32.5,40.5,10.31,3.15,,5.55,76.5,8.25,10.0,3.04
256,Ja Morant,9166800.0,23.0,75.0,174.0,19.3,7.5,3.3,0.114,,,,,,,,,,,,,,
257,Jaren Jackson Jr,7257360.0,,,,,,,,,,,,,,,,,,,,,
258,John Konchar,2100000.0,26.0,77.0,210.0,4.0,1.1,3.3,0.082,,,,,,,,,,,,,,
259,Jonas Valanciunas,15000000.0,30.0,83.0,265.0,15.9,1.8,12.3,0.152,,,,,,,,,,,,,,
260,Jontay Porter,1900000.0,,,,,,,,82.0,236.0,84.25,109.0,25.5,31.0,11.9,3.4,9.0,13.85,83.5,8.75,9.5,3.07
261,Jontay Porter,1900000.0,,,,,,,,81.75,210.4,84.0,109.5,,,,,,8.5,83.0,8.75,9.5,
262,Justise Winslow,13000000.0,26.0,78.0,222.0,7.8,1.8,4.9,0.053,76.5,221.8,82.25,104.5,,,,,,5.3,78.5,8.5,9.25,
263,Kyle Anderson,9505100.0,29.0,81.0,230.0,12.8,3.4,5.8,0.124,79.5,230.1,86.75,107.5,,,,,,13.35,80.5,8.25,8.75,
264,Mario Hezonja,1977011.0,27.0,80.0,220.0,6.9,1.3,3.1,,,,,,,,,,,,,,,
265,Marko Guduric,2750000.0,27.0,78.0,201.0,3.9,1.0,1.7,,,,,,,,,,,,,,,
266,Tim Frazier,110998.0,32.0,72.0,170.0,1.3,2.3,1.3,0.031,,,,,,,,,,,,,,
267,Tyus Jones,8817143.0,26.0,72.0,196.0,7.5,4.3,2.2,0.114,72.5,184.6,77.0,97.0,26.5,32.5,11.84,3.32,2.0,6.5,74.0,8.25,8.75,2.95
268,Xavier Tillman Sr,1300000.0,,,,,,,,,,,,,,,,,,,,,
269,AJ Hammons,350087.0,30.0,84.0,260.0,2.2,0.2,1.6,,,,,,,,,,,,,,,
270,Andre Iguodala,15000000.0,38.0,78.0,215.0,4.7,2.1,3.6,0.081,77.75,217.0,83.0,105.5,30.5,34.5,11.17,3.18,4.0,6.7,78.75,,,
271,Bam Adebayo,5115492.0,25.0,81.0,255.0,19.2,5.4,9.5,0.167,,,,,,,,,,,,,,
272,Duncan Robinson,1663861.0,28.0,79.0,215.0,12.5,1.7,3.8,0.07,,,,,,,,,,,,,,
273,Goran Dragic,18000000.0,36.0,75.0,190.0,13.9,4.9,3.3,0.102,,,,,,,,,,,,,,
274,Jimmy Butler,34379100.0,33.0,79.0,230.0,21.3,7.3,7.9,0.19,78.0,222.2,79.5,101.5,32.0,39.0,11.12,3.15,14.0,5.4,79.75,9.0,9.0,
275,Kendrick Nunn,1663861.0,27.0,74.0,190.0,13.3,2.6,3.2,0.09,,,,,,,,,,,,,,
276,KZ Okpala,1517981.0,23.0,80.0,215.0,2.7,0.4,2.0,0.025,79.25,209.6,85.75,106.5,30.5,37.0,10.88,3.38,9.0,4.6,81.5,9.25,9.25,3.13
277,Nemanja Bjelica,7150000.0,34.0,82.0,234.0,7.2,1.9,3.8,0.089,,,,,,,,,,,,,,
278,Precious Achiuwa,2582160.0,,,,,,,,79.5,234.0,84.75,108.5,,,,,,6.7,80.7,9.0,10.0,
279,Ryan Anderson,5214583.0,34.0,81.0,240.0,12.3,0.9,5.3,,,,,,,,,,,,,,,
280,Trevor Ariza,12800000.0,37.0,80.0,215.0,4.0,1.0,3.3,0.056,79.0,201.0,86.0,107.5,29.5,32.0,11.63,3.29,8.0,8.0,80.25,,,
281,Tyler Herro,3822240.0,22.0,77.0,195.0,15.1,3.4,5.4,0.099,76.5,192.4,75.25,100.5,,,,,,7.1,78.0,8.0,8.75,
282,Udonis Haslem,1620564.0,42.0,80.0,235.0,3.0,0.3,4.0,0.105,79.75,250.0,83.0,107.0,28.5,33.5,11.8,3.31,22.0,,,,,
283,Victor Oladipo,21000000.0,30.0,76.0,213.0,20.8,4.7,5.0,0.116,75.25,213.2,81.25,100.5,33.0,42.0,10.69,3.25,15.0,6.55,76.25,8.75,9.25,3.14
284,Bobby Portis,3623000.0,27.0,82.0,250.0,10.8,1.1,6.9,0.127,81.5,246.2,86.0,108.5,25.0,31.5,11.78,3.56,5.0,8.9,82.5,9.5,9.25,3.28
285,Brook Lopez,12697675.0,34.0,84.0,282.0,11.4,0.7,5.0,0.078,83.25,258.0,89.5,113.0,27.5,30.5,12.77,3.57,7.0,6.3,84.5,,,
286,Bryn Forbes,2337145.0,29.0,74.0,205.0,9.5,0.6,1.2,0.068,,,,,,,,,,,,,,
287,Donte DiVencenzo,3044160.0,,,,,,,,,,,,,,,,,,,,,
288,Giannis Antetokounmpo,27528088.0,27.0,83.0,242.0,29.0,6.4,11.7,0.196,,,,,,,,,,,,,,
289,Jeff Teague,510589.0,34.0,75.0,195.0,6.6,2.2,1.6,0.068,72.25,175.2,79.5,98.5,30.5,36.5,11.05,3.18,13.0,4.5,73.5,,,
290,Jon Leuer,3169348.0,33.0,82.0,228.0,6.4,0.8,3.8,,82.0,223.2,84.0,105.5,29.5,36.5,10.82,3.36,14.0,5.4,83.5,8.75,9.75,
291,Jordan Nwora,898310.0,,,,,,,,77.75,220.0,82.5,103.0,,,,,,7.8,79.5,8.5,9.25,
292,Jordan Nwora,898310.0,,,,,,,,77.75,223.0,82.25,104.0,29.0,35.0,11.29,3.43,,11.68,79.0,8.5,9.25,2.66
293,Jrue Holiday,25876111.0,32.0,75.0,205.0,15.9,5.2,4.6,0.118,75.25,199.0,79.0,100.5,28.5,34.0,10.64,3.21,6.0,6.3,76.25,,,
294,Khris Middleton,33051724.0,31.0,79.0,222.0,20.4,5.5,6.0,0.127,78.75,216.2,82.75,103.0,28.0,31.0,11.45,3.47,4.0,7.8,80.25,9.0,9.0,
295,Larry Sanders,1865546.0,33.0,83.0,230.0,6.4,0.7,5.7,,81.25,222.4,89.75,112.0,25.5,28.0,12.49,3.27,7.0,4.6,82.5,9.75,11.0,
296,Pat Connaughton,4938273.0,29.0,77.0,209.0,6.9,1.3,4.5,0.082,76.0,215.0,80.0,96.0,37.5,44.0,10.58,3.2,13.0,10.2,77.25,8.5,9.25,3.08
297,PJ Tucker,7969537.0,,,,,,,,,,,,,,,,,,,,,
298,Rodions Kurucs,1780152.0,24.0,81.0,228.0,1.0,0.4,0.9,0.021,,,,,,,,,,,,,,
299,Sam Merrill,898310.0,,,,,,,,,,,,,,,,,,,,,
300,Thanasis Antetokounmpo,1701593.0,30.0,78.0,219.0,2.2,0.7,2.0,0.057,77.25,205.2,84.0,104.5,31.5,39.5,11.39,3.18,,6.05,78.25,9.0,9.75,3.05
301,Anthony Edwards,9757440.0,,,,,,,,,,,,,,,,,,,,,
302,Cole Aldrich,685340.0,34.0,83.0,253.0,3.1,0.5,3.3,,81.0,236.0,88.75,111.5,23.0,28.0,11.48,3.35,10.0,8.5,83.25,9.0,9.25,
303,D'Angelo Russell,28649250.0,26.0,76.0,193.0,19.3,5.1,2.6,0.104,,,,,,,,,,,,,,
304,Ed Davis,5005350.0,33.0,81.0,218.0,2.3,1.0,5.1,0.073,81.0,226.6,84.0,108.0,31.0,36.0,11.7,3.21,,10.0,81.75,9.25,10.0,
305,Jaden McDaniels,1964760.0,,,,,,,,,,,,,,,,,,,,,
306,Jake Layman,3761085.0,28.0,80.0,209.0,6.1,0.8,1.9,0.077,80.0,208.6,81.25,102.0,33.0,39.5,11.35,3.24,,7.1,81.25,8.25,9.25,2.82
307,Jarred Vanderbilt,1663861.0,23.0,81.0,214.0,5.6,1.4,5.6,0.107,,,,,,,,,,,,,,
308,Jarrett Culver,6104280.0,23.0,78.0,195.0,6.8,0.8,4.3,0.059,77.25,194.2,81.5,100.5,,,,,,5.0,78.75,8.25,8.5,
309,Jaylen Nowell,1517981.0,23.0,76.0,201.0,10.5,1.4,2.2,0.09,75.25,202.4,79.25,98.0,32.0,38.5,10.76,3.23,2.0,6.1,76.25,8.25,8.5,3.13
310,Josh Okogie,2651040.0,24.0,76.0,213.0,4.8,1.2,2.6,0.039,75.0,210.8,84.0,102.0,33.0,42.0,11.08,3.04,12.0,5.2,76.5,9.0,9.75,3.03
311,Juancho Hernangomez,6493000.0,27.0,81.0,214.0,6.2,0.6,4.2,0.079,,,,,,,,,,,,,,
312,KarlAnthony Towns,29467800.0,,,,,,,,,,,,,,,,,,,,,
313,Malik Beasley,13425895.0,25.0,76.0,187.0,20.5,2.5,4.6,0.109,75.5,189.8,79.0,100.5,,,,,,6.9,76.5,8.5,9.0,0.0
314,Naz Reid,1517981.0,23.0,81.0,264.0,11.4,1.2,4.6,0.113,80.25,255.8,87.25,109.0,26.0,32.5,12.03,3.42,3.0,14.0,81.5,9.5,9.25,3.76
315,Ricky Rubio,17000000.0,32.0,75.0,190.0,8.8,6.8,3.2,0.101,,,,,,,,,,,,,,
316,Brandon Ingram,27285000.0,25.0,80.0,190.0,24.2,4.7,5.1,0.133,,,,,,,,,,,,,,
317,Eric Bledsoe,16875000.0,32.0,73.0,214.0,11.3,3.7,3.4,0.071,72.25,191.6,79.5,98.0,,,,,9.0,5.6,73.5,8.5,9.75,
318,Isaiah Thomas,110998.0,33.0,69.0,185.0,18.1,5.0,2.5,,68.75,186.0,73.75,91.5,31.5,40.0,10.49,3.14,13.0,6.7,70.25,8.25,9.0,
319,James Johnson,16047100.0,35.0,79.0,240.0,5.7,1.7,3.0,0.077,79.0,257.2,84.75,105.5,30.5,35.0,11.21,3.23,18.0,12.0,79.75,,,
320,Jaxson Hayes,5105160.0,22.0,83.0,220.0,5.5,0.5,3.5,0.105,82.25,218.6,87.5,110.5,27.0,34.5,11.74,3.37,5.0,5.0,83.5,9.25,10.5,3.23
321,Josh Hart,3491159.0,27.0,77.0,215.0,9.1,2.2,7.6,0.097,76.0,203.6,80.5,99.5,29.5,38.5,11.15,3.2,,5.75,77.5,8.5,9.25,3.15
322,Josh Hart,3491159.0,27.0,77.0,215.0,9.1,2.2,7.6,0.097,75.75,209.2,80.25,101.0,27.5,35.5,11.15,3.18,9.0,5.8,77.0,8.5,9.5,3.02
323,Kira Lewis Jr,3640200.0,,,,,,,,,,,,,,,,,,,,,
324,Lonzo Ball,11003782.0,25.0,78.0,190.0,14.2,5.6,4.2,0.099,,,,,,,,,,,,,,
325,Nickeil AlexanderWalker,3113160.0,,,,,,,,,,,,,,,,,,,,,
326,Sindarius Thornwell,721484.0,27.0,76.0,215.0,1.2,0.3,0.4,0.029,75.5,211.6,82.0,103.0,27.0,30.5,11.48,3.36,15.0,7.8,76.75,8.75,8.75,3.03
327,Sindarius Thornwell  E,110998.0,,,,,,,,,,,,,,,,,,,,,
328,Steven Adams,29592695.0,29.0,83.0,265.0,8.1,2.0,9.2,0.093,82.75,254.5,88.5,109.5,28.5,33.0,11.85,3.4,16.0,6.65,84.0,9.5,11.0,3.02
329,Wenyen Gabriel,1620564.0,25.0,81.0,205.0,0.2,0.3,1.2,0.0,,,,,,,,,,,,,,
330,Wesley Iwundu,1678854.0,,,,,,,,77.5,193.4,85.0,105.5,31.5,36.0,11.25,3.36,5.0,4.0,78.75,8.75,9.5,3.23
331,Willy Hernangomez,1620564.0,28.0,83.0,250.0,6.3,1.2,6.2,0.112,,,,,,,,,,,,,,
332,Zion Williamson,10245480.0,22.0,79.0,284.0,25.7,3.4,7.0,0.154,,,,,,,,,,,,,,
333,Alec Burks,6000000.0,31.0,78.0,214.0,12.6,2.2,4.3,0.108,77.0,192.6,82.0,103.5,29.0,36.0,10.96,3.17,5.0,5.1,78.0,9.0,8.25,
334,Andrew White,25000.0,,,,,,,,,,,,,,,,,,,,,
335,Derrick Rose,7682926.0,34.0,74.0,200.0,13.5,4.5,2.2,0.129,73.5,196.0,80.0,98.5,34.5,40.0,11.69,3.05,10.0,4.6,74.5,,,
336,Elfrid Payton,4767000.0,28.0,75.0,195.0,12.4,3.7,3.9,0.082,74.5,185.4,80.0,98.5,31.5,35.5,11.06,3.23,,5.65,75.75,8.75,9.0,2.92
337,Frank Ntilikina,6176578.0,24.0,76.0,200.0,4.3,0.8,1.2,0.037,,,,,,,,,,,,,,
338,Immanuel Quickley,2105520.0,,,,,,,,74.0,185.8,80.25,99.0,29.5,35.5,11.21,3.17,,8.2,75.0,8.0,8.75,2.46
339,Jacob Evans,2017320.0,25.0,76.0,210.0,2.8,0.9,1.1,,76.25,199.6,81.25,102.5,28.0,35.5,11.11,3.2,8.0,6.5,77.5,9.0,9.25,3.14
340,Joakim Noah,6431667.0,37.0,83.0,232.0,8.8,2.8,9.0,,82.0,223.0,85.25,106.5,32.5,37.5,11.79,3.47,12.0,4.8,84.0,,,
341,John Henson,110998.0,31.0,81.0,219.0,7.6,1.1,5.3,,81.0,216.0,89.0,112.0,25.5,30.0,,,5.0,8.6,82.5,9.25,10.0,
342,Julius Randle,18900000.0,27.0,80.0,250.0,23.3,5.9,10.9,0.164,79.75,249.7,84.0,105.5,29.0,35.5,11.45,3.27,,9.4,81.0,8.75,8.25,3.14
343,Kevin Knox,4588680.0,,,,,,,,79.75,212.6,83.75,108.0,,,,,,4.95,81.0,8.75,9.25,
344,Mitchell Robinson,1663861.0,24.0,84.0,240.0,8.6,0.6,8.4,0.104,,,,,,,,,,,,,,
345,Nerlens Noel,5000000.0,28.0,83.0,220.0,4.8,0.6,6.0,0.083,82.0,206.4,87.75,110.0,,,,,,4.15,83.75,9.5,10.0,
346,Norvel Pelle,99020.0,29.0,82.0,231.0,2.3,0.3,2.0,-0.012,81.5,207.2,86.5,109.0,31.0,34.5,11.49,3.32,0.0,5.15,82.5,8.75,9.5,3.2
347,Obi Toppin,4862040.0,,,,,,,,,,,,,,,,,,,,,
348,Omari Spellman,1988280.0,25.0,80.0,245.0,6.8,1.0,4.3,,80.0,253.8,86.0,107.5,28.5,35.5,12.28,3.38,8.0,13.75,81.25,9.0,9.0,3.35
349,Reggie Bullock,4200000.0,31.0,78.0,205.0,9.3,1.4,3.4,0.065,77.75,199.8,80.75,102.0,31.0,36.5,11.33,3.31,11.0,6.95,79.0,8.5,9.0,3.3
350,RJ Barrett,8231760.0,22.0,78.0,214.0,17.3,3.0,6.1,0.101,,,,,,,,,,,,,,
351,Taj Gibson,1442968.0,37.0,81.0,232.0,4.2,0.5,4.5,0.073,80.5,214.4,88.0,109.0,25.5,30.0,11.56,3.41,12.0,6.6,81.75,,,
352,Terrance Ferguson,3944013.0,24.0,78.0,190.0,0.2,0.2,0.1,-0.065,77.5,184.4,80.75,103.0,28.5,38.0,11.16,3.32,,5.8,79.0,8.5,10.0,3.22
353,Tyler Hall,25000.0,,,,,,,,,,,,,,,,,,,,,
354,Vincent Poirier,2619207.0,29.0,84.0,235.0,0.8,0.2,1.4,-0.02,,,,,,,,,,,,,,
355,Wayne Ellington,1000000.0,34.0,76.0,207.0,10.6,1.4,1.8,0.073,76.25,202.4,78.5,100.0,31.5,38.0,11.14,3.2,13.0,5.5,77.25,,,
356,Admiral Schofield,1517981.0,25.0,77.0,241.0,3.0,0.5,1.4,,76.0,240.6,81.75,102.5,30.0,34.0,10.77,3.37,15.0,6.8,77.25,8.75,9.0,2.87
357,Al Horford,27500000.0,36.0,81.0,240.0,14.3,3.3,6.7,0.128,80.0,246.0,84.75,107.0,31.0,35.5,12.15,3.37,20.0,9.1,81.75,,,
358,Aleksej Pokuesvski,2964840.0,,,,,,,,,,,,,,,,,,,,,
359,Austin Rivers,3500000.0,30.0,76.0,200.0,7.3,2.0,2.2,0.071,75.5,202.8,79.25,96.5,32.5,37.5,11.54,3.32,1.0,6.2,77.0,8.5,10.0,
360,Darius Bazley,2399160.0,22.0,80.0,208.0,11.9,1.5,7.5,0.087,79.75,208.4,84.0,107.0,30.5,37.0,11.09,3.27,4.0,3.6,81.0,9.0,9.75,2.95
361,Darius Miller,7000000.0,32.0,78.0,225.0,3.4,1.1,1.4,0.115,78.0,233.4,81.0,101.0,33.0,37.0,11.34,3.31,14.0,7.5,79.5,8.5,8.75,
362,Frank Jackson,250000.0,24.0,75.0,205.0,5.2,0.8,1.4,0.08,74.0,201.6,79.5,98.0,34.5,42.0,10.94,3.14,9.0,6.7,75.5,8.25,9.0,2.7
363,Isaiah Roby,1517981.0,24.0,80.0,230.0,9.0,1.7,5.5,0.095,79.25,214.0,85.0,106.0,32.5,35.5,10.63,3.25,9.0,3.9,80.5,9.0,10.5,3.05
364,Josh Gray,1620564.0,29.0,72.0,180.0,4.9,2.0,1.7,,,,,,,,,,,,,,,
365,Justin Jackson,5029650.0,27.0,80.0,220.0,7.0,1.5,2.2,0.08,79.0,193.4,82.75,103.5,29.5,34.5,11.32,3.26,,7.6,80.25,8.75,8.75,2.96
366,Justin Jackson,5029650.0,27.0,80.0,220.0,7.0,1.5,2.2,0.08,78.0,229.4,87.0,105.0,,,,,,8.9,78.75,9.0,9.5,
367,Justin Robinson,99020.0,25.0,73.0,195.0,1.4,0.8,0.6,,,,,,,,,,,,,,,
368,Kenrich Williams,2000000.0,27.0,78.0,210.0,7.0,1.8,4.1,0.098,78.0,200.4,79.25,103.5,28.0,33.0,10.86,3.19,14.0,5.95,79.5,8.5,9.75,3.28
369,Kyle Singler,999200.0,34.0,80.0,228.0,6.5,0.8,2.9,,79.5,228.0,82.1,106.0,23.0,30.0,11.22,3.21,10.0,10.0,80.5,8.25,8.75,
370,Luguentz Dort,1517981.0,23.0,75.0,215.0,12.6,1.6,3.5,0.056,74.75,222.2,80.5,99.5,32.5,38.0,10.79,3.22,14.0,5.0,76.25,8.5,9.0,3.13
371,Meyers Leonard,9400000.0,30.0,84.0,260.0,3.3,0.7,2.3,0.067,83.75,249.8,87.0,108.0,30.0,32.5,11.34,3.41,19.0,5.7,85.25,9.25,11.0,
372,Mike Muscala,2283034.0,31.0,82.0,240.0,9.7,0.8,3.8,0.112,82.25,230.2,85.0,108.0,28.0,33.5,11.76,3.44,5.0,6.8,83.5,8.5,9.0,2.99
373,Moses Brown,1250000.0,23.0,86.0,245.0,6.6,0.3,6.5,0.119,85.25,237.2,88.75,113.0,27.0,31.0,11.95,3.51,,7.8,86.5,9.5,10.25,3.3
374,Patrick Patterson,737067.0,33.0,80.0,235.0,4.7,0.5,2.0,0.06,80.0,239.6,85.25,107.0,28.5,33.5,11.14,3.25,17.0,5.3,81.25,9.25,10.25,
375,Shai GilgeousAlexander,4141320.0,,,,,,,,,,,,,,,,,,,,,
376,Svi Mykhailiuk,1663861.0,25.0,79.0,205.0,7.0,1.6,2.1,0.077,78.5,219.6,77.0,100.0,27.0,33.0,12.4,3.53,8.0,11.4,79.5,8.0,9.25,3.25
377,Theo Maledon,2000000.0,,,,,,,,76.0,187.4,80.75,100.5,,,,,,2.8,77.0,8.5,10.0,
378,TJ Leaf,4326825.0,,,,,,,,80.75,222.2,83.0,107.0,29.0,34.5,11.55,3.27,6.0,6.8,81.75,8.5,9.5,3.27
379,Tony Bradley,3542060.0,24.0,82.0,248.0,4.8,0.9,4.9,0.121,81.25,248.8,89.0,112.5,24.5,27.5,11.79,3.44,5.0,12.0,82.75,9.5,9.5,2.99
380,Ty Jerome,2303040.0,25.0,77.0,195.0,9.9,3.6,3.5,0.091,76.25,194.4,76.0,98.0,26.0,31.5,11.21,3.4,2.0,6.5,77.5,8.25,9.5,3.12
381,Zylan Cheatham,1445697.0,26.0,77.0,220.0,3.0,0.8,2.3,,,,,,,,,,,,,,,
382,Chuma Okeke,3121080.0,,,,,,,,,,,,,,,,,,,,,
383,Cole Anthony,3285120.0,,,,,,,,,,,,,,,,,,,,,
384,Devin Cannady,61528.0,,,,,,,,,,,,,,,,,,,,,
385,Dwayne Bacon,1678854.0,27.0,78.0,221.0,9.9,1.1,2.8,0.06,76.75,221.6,82.0,103.5,30.0,36.5,11.7,3.22,8.0,7.9,78.25,8.75,10.0,3.22
386,Gary Harris,19160714.0,28.0,76.0,210.0,9.7,1.7,2.5,0.052,74.5,204.8,78.75,96.0,,,,,,4.55,76.5,8.5,9.5,
387,James Ennis,3300000.0,,,,,,,,77.75,200.8,83.5,104.5,29.5,36.5,11.55,3.4,7.0,4.5,79.0,8.5,8.75,3.06
388,Jeff Teague,1620564.0,34.0,75.0,195.0,6.6,2.2,1.6,0.068,72.25,175.2,79.5,98.5,30.5,36.5,11.05,3.18,13.0,4.5,73.5,,,
389,Jonathan Isaac,7362566.0,25.0,83.0,230.0,11.9,1.4,6.8,0.108,,,,,,,,,,,,,,
390,Khem Birch,3000000.0,30.0,81.0,233.0,5.5,1.0,5.2,0.084,79.5,208.8,85.0,107.0,30.5,35.5,11.6,3.26,,6.0,81.25,9.0,8.5,3.24
391,Markelle Fultz,12288697.0,24.0,75.0,209.0,12.9,5.4,3.1,0.081,,,,,,,,,,,,,,
392,Michael CarterWilliams,3300000.0,,,,,,,,,,,,,,,,,,,,,
393,Mo Bamba,5969040.0,24.0,84.0,231.0,4.6,0.3,3.9,0.126,,,,,,,,,,,,,,
394,Otto Porter,28489239.0,,,,,,,,79.5,197.6,85.5,105.5,27.0,36.0,11.25,3.4,9.0,6.65,80.5,8.75,9.25,3.06
395,RJ Hampton,2193480.0,,,,,,,,,,,,,,,,,,,,,
396,Terrence Ross,13500000.0,31.0,78.0,206.0,16.0,2.3,3.5,0.092,78.0,196.6,79.25,100.5,31.0,37.5,11.78,3.28,2.0,3.2,79.0,8.75,10.25,
397,Wendell Carter Jr,5448840.0,,,,,,,,,,,,,,,,,,,,,
398,Ben Simmons,30559200.0,26.0,83.0,240.0,16.1,7.6,8.0,0.134,,,,,,,,,,,,,,
399,Danny Green,15365853.0,35.0,78.0,215.0,9.2,1.7,3.6,0.064,77.25,208.0,82.0,103.0,29.0,33.0,11.3,3.3,15.0,5.6,78.5,,,
400,Dwight Howard,1620564.0,36.0,82.0,265.0,6.6,0.8,8.2,0.119,81.0,240.0,88.5,111.5,30.5,35.5,11.21,3.14,7.0,10.5,82.25,,,
401,Furkan Korkmaz,1762796.0,25.0,79.0,202.0,9.2,1.1,2.2,0.084,,,,,,,,,,,,,,
402,George Hill,9590602.0,36.0,76.0,188.0,11.8,3.1,2.1,0.101,73.25,181.0,81.0,97.5,34.0,37.5,12.2,3.07,9.0,3.0,74.5,,,
403,Ignas Brazdelkis,1517981.0,,,,,,,,,,,,,,,,,,,,,
404,Isaiah Joe,898310.0,,,,,,,,75.0,170.4,79.5,101.0,,,,,,4.7,76.5,8.25,8.25,
405,Joel Embiid,29542010.0,28.0,84.0,280.0,29.9,3.3,11.5,0.211,,,,,,,,,,,,,,
406,Justin Anderson,125000.0,28.0,77.0,231.0,5.2,0.7,2.5,,77.25,230.6,83.75,101.0,38.0,43.0,11.13,3.22,12.0,5.0,78.25,8.5,9.5,2.88
407,Matisse Thybulle,2711280.0,25.0,77.0,201.0,3.7,1.0,1.7,0.05,,,,,,,,,,,,,,
408,Mike Scott,5005350.0,34.0,79.0,237.0,3.8,0.5,2.6,0.054,79.25,240.8,82.75,104.0,27.0,32.5,11.59,3.44,14.0,10.6,80.75,8.5,9.0,
409,Paul Reed Jr,609128.0,,,,,,,,,,,,,,,,,,,,,
410,Seth Curry,7834449.0,32.0,74.0,185.0,12.9,2.9,2.2,0.082,73.0,179.2,76.0,97.5,,,,,,9.6,75.0,8.0,8.25,
411,Shake Milton,1701593.0,26.0,77.0,205.0,13.8,3.1,2.3,0.098,76.5,207.2,84.75,99.5,30.0,33.0,11.07,3.25,2.0,6.8,77.5,8.75,9.5,3.19
412,Tobias Harris,34358850.0,30.0,80.0,226.0,20.8,3.6,7.7,0.147,78.5,222.8,83.0,103.5,31.5,37.5,10.96,3.17,12.0,8.4,79.75,8.75,9.0,
413,Tyrese Maxey,2478840.0,,,,,,,,,,,,,,,,,,,,,
414,Abdel Nader,1752950.0,29.0,77.0,225.0,6.7,0.8,2.6,0.092,,,,,,,,,,,,,,
415,Cameron Johnson,4235160.0,26.0,80.0,210.0,10.3,1.4,3.3,0.09,79.0,205.2,82.0,103.0,30.5,36.5,10.52,3.26,,5.8,80.5,8.0,8.5,3.28
416,Cameron Payne,1977011.0,28.0,73.0,183.0,7.2,3.7,2.1,0.112,72.75,182.8,79.25,97.5,29.75,35.5,10.9,3.28,0.0,6.3,73.5,8.5,8.25,2.93
417,Chris Paul,41358814.0,37.0,72.0,175.0,15.7,8.8,4.7,0.145,71.75,178.0,76.25,93.0,32.0,38.0,11.09,3.22,10.0,,73.0,,,
418,Damian Jones,785285.0,27.0,83.0,245.0,3.0,0.2,2.0,0.062,82.25,243.6,87.75,107.0,36.0,37.0,11.35,3.2,,6.55,83.5,8.75,10.5,3.12
419,Dario Saric,9250000.0,28.0,82.0,225.0,10.3,1.3,4.2,0.1,,,,,,,,,,,,,,
420,Deandre Ayton,10018200.0,24.0,83.0,250.0,14.5,1.6,11.0,0.129,,,,,,,,,,,,,,
421,Devin Booker,29467800.0,26.0,77.0,206.0,25.1,4.6,4.0,0.126,76.5,205.8,80.25,102.5,27.5,34.5,10.27,3.28,8.0,8.3,77.75,8.75,9.0,2.75
422,E'Twaun Moore,1620564.0,33.0,75.0,191.0,4.3,1.5,1.8,0.055,74.5,191.4,81.5,99.5,32.0,34.5,11.12,3.31,,7.6,76.0,9.0,10.0,
423,Frank Kaminsky,1620564.0,29.0,84.0,240.0,6.6,1.6,3.7,0.11,83.75,231.2,83.0,109.5,,,,,,9.4,84.75,8.5,9.5,
424,Jae Crowder,9258000.0,32.0,78.0,235.0,10.1,2.0,5.0,0.088,76.75,241.2,81.25,99.5,31.0,34.5,11.45,3.37,20.0,9.0,78.5,9.5,10.5,
425,Jalen Smith,4245720.0,,,,,,,,81.25,224.6,86.25,110.0,,,,,,3.7,82.2,9.25,9.25,
426,Jevon Carter,3925000.0,27.0,73.0,200.0,2.8,1.1,1.1,0.066,72.25,196.2,76.25,95.0,29.0,36.5,11.04,3.18,14.0,4.15,73.5,9.25,8.5,3.05
427,Langston Galloway,1620564.0,30.0,73.0,200.0,5.1,0.8,1.0,0.09,,,,,,,,,,,,,,
428,Mikal Bridges,4359000.0,26.0,78.0,209.0,13.7,2.4,4.9,0.104,,,,,,,,,,,,,,
429,Torrey Craig,1620564.0,31.0,79.0,221.0,2.9,0.9,2.4,0.061,,,,,,,,,,,,,,
430,Anderson Varejao,1913345.0,40.0,83.0,273.0,7.3,1.2,7.2,,,,,,,,,,,,,,,
431,Andrew Nicholson,2844430.0,32.0,81.0,250.0,6.0,0.4,3.0,,80.5,234.0,88.0,107.0,28.5,30.5,11.89,3.67,10.0,7.6,81.5,10.0,10.75,
432,Anfernee Simons,2252040.0,23.0,75.0,181.0,8.0,1.4,2.3,0.077,74.25,183.2,81.25,99.5,32.0,41.5,11.27,3.1,1.0,7.7,75.25,8.75,9.0,3.16
433,Carmelo Anthony,1620564.0,38.0,79.0,238.0,14.0,1.7,3.3,0.088,78.25,233.0,84.0,105.5,30.5,33.5,11.4,3.15,7.0,8.0,,,,
434,CJ Elleby,898310.0,,,,,,,,77.5,198.6,79.25,100.5,30.5,36.5,11.25,3.25,,4.2,78.2,8.75,10.0,2.63
435,CJ McCollum,29354152.0,31.0,75.0,190.0,23.8,4.3,3.8,0.131,74.25,197.0,78.25,96.5,32.0,38.5,11.02,3.32,13.0,8.6,75.25,8.0,9.5,2.91
436,Damian Lillard,31626953.0,32.0,74.0,195.0,30.1,7.7,4.4,0.165,73.75,188.8,79.75,95.5,34.5,39.5,11.15,3.34,13.0,5.9,74.75,8.75,9.75,
437,Derrick Jones,9258000.0,,,,,,,,,,,,,,,,,,,,,
438,Enes Kanter,5005350.0,30.0,82.0,250.0,12.1,1.3,11.6,0.137,81.75,259.2,85.5,109.5,26.0,32.5,11.3,3.26,14.0,5.9,83.25,9.5,10.75,
439,Harry Giles,1620564.0,,,,,,,,81.25,232.0,87.25,109.5,27.0,32.5,11.08,3.34,5.0,5.2,82.5,9.5,10.75,3.0
440,Jusuf Nurkic,12888889.0,28.0,83.0,290.0,9.8,2.8,7.7,0.103,,,,,,,,,,,,,,
441,Nassir Little,2210640.0,22.0,77.0,220.0,5.3,0.4,2.6,0.074,76.5,224.2,85.25,104.5,31.0,38.5,12.15,3.24,5.0,5.9,78.0,8.75,10.0,3.1
442,Norman Powell,10865952.0,29.0,75.0,215.0,19.5,1.8,3.0,0.106,75.0,215.4,82.75,102.5,32.5,40.5,10.69,3.2,5.0,6.4,76.25,9.25,9.0,3.2
443,Robert Covington,12138345.0,31.0,79.0,209.0,8.6,1.7,6.7,0.073,78.25,208.6,85.75,106.0,29.5,36.0,11.69,3.34,9.0,4.7,79.5,9.0,8.5,3.1
444,Zach Collins,5406255.0,24.0,83.0,250.0,7.0,1.5,6.3,0.054,82.25,232.2,85.0,111.0,,,,,,8.9,84.0,8.75,9.25,
445,Buddy Hield,24701834.0,29.0,76.0,220.0,16.9,3.3,4.6,0.078,75.75,212.4,81.25,101.0,,,,,,6.1,77.0,8.5,9.0,
446,Chimezie Metu,50000.0,25.0,81.0,225.0,3.4,0.5,2.1,0.094,80.5,219.6,84.5,108.0,29.5,36.0,11.89,3.33,5.0,5.05,81.5,9.0,9.25,3.25
447,Chris Silva,1517981.0,26.0,80.0,234.0,2.7,0.5,2.3,0.077,,,,,,,,,,,,,,
448,De'Aaron Fox,8099627.0,24.0,75.0,185.0,23.8,7.4,3.4,0.116,,,,,,,,,,,,,,
449,Delon Wright,9000000.0,30.0,77.0,185.0,10.5,5.1,4.6,0.119,76.25,181.4,79.5,101.5,29.5,31.0,11.16,3.29,4.0,6.6,77.5,8.0,8.5,3.5
450,Glenn Robinson III,930930.0,28.0,78.0,222.0,5.3,0.9,2.0,0.057,77.5,211.4,82.0,100.5,36.5,41.5,11.22,3.15,,5.05,78.75,9.0,9.5,3.04
451,Harrison Barnes,22215909.0,30.0,80.0,225.0,16.3,3.7,6.5,0.111,79.0,227.8,83.25,101.5,38.0,39.5,10.93,3.16,15.0,9.6,80.0,9.0,8.5,
452,Hassan Whiteside,1620564.0,33.0,84.0,265.0,8.0,0.6,5.8,0.118,82.5,226.6,91.0,113.0,27.0,31.5,11.83,3.54,12.0,5.5,83.5,8.25,10.25,
453,Jabari Parker,6500000.0,27.0,80.0,245.0,2.7,0.3,2.0,0.037,,,,,,,,,,,,,,
454,Jahmi'us Ramsey,1000000.0,,,,,,,,74.5,193.4,78.0,100.5,,,,,,3.4,75.7,8.75,9.75,
455,Justin James,1517981.0,25.0,79.0,190.0,2.1,0.5,0.5,0.051,,,,,,,,,,,,,,
456,Marvin Bagley III,8963640.0,23.0,83.0,235.0,13.9,0.9,7.4,0.095,,,,,,,,,,,,,,
457,Maurice Harkless,3623000.0,29.0,79.0,220.0,1.4,0.6,1.2,0.023,79.25,206.6,84.0,102.5,32.5,37.0,10.87,3.25,5.0,5.3,80.75,9.25,10.25,
458,Mfiondu Kabengele,2075880.0,25.0,81.0,250.0,1.2,0.2,0.6,0.003,80.75,256.2,87.0,109.5,28.0,35.5,11.21,3.25,6.0,5.1,82.25,9.25,10.75,3.3
459,Norvel Pelle,99020.0,29.0,82.0,231.0,2.3,0.3,2.0,-0.012,81.5,207.2,86.5,109.0,31.0,34.5,11.49,3.32,0.0,5.15,82.5,8.75,9.5,3.2
460,Richaun Holmes,5005350.0,29.0,82.0,235.0,13.9,1.8,8.8,0.119,80.25,242.8,85.5,108.0,32.5,36.0,11.24,3.32,15.0,8.8,81.5,8.5,8.5,3.31
461,Robert Woodard II,1500000.0,,,,,,,,77.5,230.2,86.0,105.5,32.0,38.0,11.1,3.18,,4.5,79.0,9.0,10.75,2.49
462,Terence Davis,1517981.0,25.0,76.0,201.0,7.0,1.1,2.0,0.075,75.0,192.4,80.75,101.0,29.5,34.0,10.69,3.28,13.0,4.1,76.5,9.25,10.75,2.96
463,Tyrese Haliburton,3831840.0,,,,,,,,,,,,,,,,,,,,,
464,Cameron Reynolds,110998.0,27.0,79.0,225.0,5.0,0.7,1.6,,,,,,,,,,,,,,,
465,Dejounte Murray,14286000.0,26.0,76.0,180.0,15.6,5.1,7.0,0.125,,,,,,,,,,,,,,
466,DeMar DeRozan,27739975.0,33.0,78.0,220.0,20.6,7.4,4.5,0.144,77.5,211.2,81.0,102.5,29.0,38.5,11.88,3.31,5.0,4.9,78.5,,,
467,DeMarre Carroll,6119676.0,36.0,78.0,215.0,8.9,1.3,4.2,,78.25,207.2,82.0,105.0,,,,,,6.3,79.75,,,
468,Derrick White,3516284.0,28.0,76.0,190.0,12.8,3.4,2.4,0.076,75.25,189.8,79.5,101.5,31.0,36.5,10.84,3.08,10.0,6.2,76.5,8.25,8.5,2.92
469,Devin Vassell,4033440.0,,,,,,,,,,,,,,,,,,,,,
470,Drew Eubanks,1620564.0,25.0,81.0,245.0,4.6,0.9,3.2,0.089,,,,,,,,,,,,,,
471,Gorgui Dieng,1000000.0,32.0,82.0,252.0,7.9,1.3,4.5,0.124,81.75,229.6,87.5,111.5,,,,,,5.35,82.75,9.0,10.0,
472,Jakob Poeltl,8101852.0,27.0,85.0,245.0,7.1,1.8,7.8,0.099,84.25,239.0,86.75,111.5,,,,,,5.8,85.0,9.25,10.25,
473,Keldon Johnson,2048040.0,23.0,77.0,220.0,13.9,2.0,6.5,0.1,76.75,216.4,81.25,104.0,,,,,,5.6,78.0,8.0,9.25,
474,LaMarcus Aldridge,16750000.0,37.0,83.0,250.0,13.7,1.7,4.5,0.096,82.0,234.0,88.75,110.0,26.5,34.0,12.02,3.43,8.0,8.7,83.25,,,
475,Lonnie Walker,2892000.0,,,,,,,,75.75,196.2,82.25,99.5,31.5,40.0,10.87,3.06,12.0,5.65,76.5,9.0,9.5,2.91
476,Luka Samanic,2824320.0,22.0,82.0,227.0,3.8,0.2,2.5,0.077,81.5,227.2,82.5,107.0,27.0,38.0,11.01,3.27,7.0,5.6,83.0,8.5,9.0,3.03
477,Marquese Chriss,1824003.0,25.0,81.0,240.0,6.5,1.0,6.5,0.11,80.75,233.0,84.25,105.0,32.5,38.5,11.93,3.26,,8.5,82.0,9.0,9.0,3.05
478,Patty Mills,13535714.0,34.0,73.0,180.0,12.9,2.5,1.8,0.095,71.25,175.4,74.0,95.0,27.5,33.0,10.87,3.1,8.0,6.9,72.5,,,
479,Rudy Gay,14500000.0,36.0,80.0,250.0,10.9,1.5,4.9,0.105,79.0,222.0,87.0,107.5,33.0,40.5,11.03,3.32,9.0,5.7,80.0,,,
480,Tre Jones,898310.0,,,,,,,,,,,,,,,,,,,,,
481,Trey Lyles,5500000.0,27.0,81.0,234.0,5.0,0.6,3.8,0.1,81.0,241.2,85.5,108.0,,,,,,12.1,82.25,9.25,10.25,
482,Alex Len,2258000.0,29.0,84.0,250.0,6.1,0.9,3.6,0.099,,,87.5,,,,,,,6.4,,9.0,10.75,
483,Aron Baynes,7000000.0,35.0,82.0,260.0,6.1,0.9,5.5,0.067,,,,,,,,,,,,,,
484,Chris Boucher,6500000.0,29.0,81.0,200.0,13.8,1.0,6.4,0.134,80.0,182.2,88.0,110.5,,,,,,5.4,81.5,9.25,10.5,
485,DeAndre' Bembry,1737145.0,28.0,77.0,210.0,4.6,1.9,2.3,0.068,,,,,,,,,,,,,,
486,Donta Hall,99020.0,,,,,,,,,,,,,,,,,,,,,
487,Fred VanVleet,21250000.0,28.0,73.0,197.0,20.1,6.5,4.4,0.118,,,,,,,,,,,,,,
488,Gary Trent Jr,1663861.0,,,,,,,,,,,,,,,,,,,,,
489,Henry Ellenson,110998.0,25.0,82.0,240.0,7.5,2.5,6.0,0.106,82.0,242.0,86.25,108.0,,,,,,11.2,83.5,8.5,9.75,
490,Kyle Lowry,30500000.0,36.0,72.0,196.0,17.6,7.4,5.6,0.117,,,,,,,,,,,,,,
491,Malachi Flynn,1950600.0,,,,,,,,,,,,,,,,,,,,,
492,OG Anunoby,3872215.0,25.0,79.0,232.0,14.0,1.6,5.7,0.092,78.25,232.4,86.25,107.5,,,,,,6.8,79.75,9.25,9.5,
493,Oshae Brissett,300000.0,24.0,79.0,210.0,1.9,0.4,1.4,,,,,,,,,,,,,,,
494,Pascal Siakam,30559200.0,28.0,81.0,230.0,19.8,4.7,7.3,0.117,80.25,226.6,87.25,107.5,30.5,36.5,11.25,3.41,,5.2,81.5,9.25,10.0,3.09
495,Patrick McCaw,4000000.0,27.0,79.0,181.0,1.0,0.8,0.6,0.057,77.25,180.8,82.0,100.5,30.0,38.0,11.01,3.3,,4.7,78.75,8.75,8.75,2.97
496,Paul Watson,1445697.0,27.0,78.0,210.0,2.6,0.4,1.3,0.044,,,,,,,,,,,,,,
497,Rodney Hood,10047450.0,30.0,80.0,208.0,4.7,1.2,1.9,0.031,79.25,208.2,80.5,103.0,29.0,36.0,11.21,3.38,,7.45,80.5,8.5,8.5,3.14
498,Stanley Johnson,3804150.0,26.0,78.0,242.0,2.9,1.2,2.2,0.047,77.0,241.8,83.5,102.0,,,,,,7.5,78.5,9.0,9.0,
499,Bojan Bogdanovic,17850000.0,33.0,79.0,226.0,14.9,1.9,3.9,0.081,,,,,,,,,,,,,,
500,Derrick Favors,9258000.0,31.0,81.0,265.0,5.9,0.9,5.3,0.111,80.75,245.2,88.0,110.0,31.5,35.5,11.74,3.25,14.0,6.5,82.25,8.75,9.25,
501,Donovan Mitchell,5195501.0,26.0,73.0,215.0,25.4,5.5,4.6,0.127,73.25,211.4,82.0,97.0,36.5,40.5,11.53,3.01,10.0,5.9,75.0,8.5,9.5,3.07
502,Elijah Hughes,898310.0,,,,,,,,76.75,229.0,79.5,101.5,,,,,,10.2,78.5,8.5,8.75,
503,Ersan Ilyasova,754783.0,35.0,81.0,235.0,0.0,1.0,0.0,0.0,79.75,208.8,85.25,109.5,22.0,30.0,11.59,3.56,2.0,,81.0,,,
504,Georges Niang,1783557.0,29.0,79.0,230.0,5.0,0.7,2.2,0.061,78.75,230.8,82.0,103.0,25.0,31.0,11.64,3.49,,10.05,80.5,9.25,9.25,3.17
505,Joe Ingles,10863637.0,35.0,80.0,220.0,12.3,4.2,3.6,0.123,79.75,209.2,82.25,105.0,26.0,31.0,10.66,3.3,3.0,10.1,80.25,,,
506,Jordan Clarkson,11500000.0,30.0,76.0,194.0,17.5,2.2,3.9,0.116,75.25,186.3,80.0,98.0,33.0,38.5,10.76,3.28,,4.3,77.0,8.25,9.0,2.98
507,Juwan Morgan,1517981.0,25.0,79.0,232.0,0.9,0.2,0.8,0.035,,,,,,,,,,,,,,
508,Matt Thomas,1517981.0,28.0,76.0,190.0,2.6,0.4,0.8,0.058,,,,,,,,,,,,,,
509,Mike Conley,34502132.0,35.0,73.0,175.0,16.4,5.5,3.4,0.125,71.0,175.0,77.75,94.5,35.5,40.5,11.63,3.09,13.0,4.2,72.75,,,
510,Miye Oni,1517981.0,25.0,77.0,206.0,2.0,0.2,1.6,0.051,76.25,205.6,82.75,100.5,30.5,38.5,11.71,3.17,19.0,4.9,77.75,9.0,10.0,3.12
511,Royce O'Neale,8500000.0,29.0,76.0,226.0,7.5,2.6,6.6,0.072,,,,,,,,,,,,,,
512,Rudy Gobert,27525281.0,30.0,85.0,258.0,14.5,1.3,13.4,0.158,84.5,237.6,92.5,115.0,25.0,29.0,12.85,3.57,7.0,4.4,86.0,9.75,10.0,3.19
513,Shaquille Harrison,770433.0,29.0,79.0,190.0,1.0,0.5,0.5,0.064,,,,,,,,,,,,,,
514,Udoka Azubuike,1977000.0,,,,,,,,82.0,273.8,91.0,112.5,31.0,31.5,12.97,3.12,11.0,7.95,84.25,9.5,10.0,3.65
515,Udoka Azubuike,1977000.0,,,,,,,,82.0,259.5,91.25,109.0,37.0,41.0,11.82,3.23,,9.61,83.5,9.25,10.0,3.61
516,Alex Len,1265372.0,29.0,84.0,250.0,6.1,0.9,3.6,0.099,,,87.5,,,,,,,6.4,,9.0,10.75,
517,Anthony Gill,898310.0,,,,,,,,,,,,,,,,,,,,,
518,Anzejs Pasecniks,374297.0,26.0,85.0,229.0,0.0,1.0,1.0,-0.26,,,,,,,,,,,,,,
519,Bradley Beal,28751774.0,29.0,75.0,207.0,31.8,4.6,5.1,0.154,75.25,201.8,80.0,100.0,33.0,39.0,10.95,3.28,8.0,6.0,76.75,8.5,9.0,
520,Chandler Hutchison,2443440.0,26.0,78.0,210.0,1.9,0.6,2.9,0.042,,,,,,,,,,,,,,
521,Daniel Gafford,1517981.0,24.0,82.0,234.0,4.8,0.6,3.3,0.099,81.25,237.6,86.5,110.0,32.5,36.5,11.61,3.25,5.0,5.9,82.5,9.25,9.25,3.19
522,Davis Bertans,15000000.0,30.0,82.0,225.0,10.8,0.9,2.9,0.064,,,,,,,,,,,,,,
523,Deni Avdija,4469160.0,,,,,,,,,,,,,,,,,,,,,
524,Isaac Bonga,1663861.0,23.0,80.0,180.0,2.2,0.6,2.1,0.032,,,,,,,,,,,,,,
525,Ish Smith,6000000.0,34.0,72.0,175.0,5.2,4.7,3.5,0.094,,,,,,,,,,,,,,
526,Jerome Robinson,3737520.0,25.0,76.0,190.0,5.2,1.4,2.5,0.052,76.0,188.4,79.25,98.0,,,,,,6.05,77.0,9.0,10.0,
527,Jordan Bell,110998.0,27.0,80.0,216.0,3.3,1.7,5.3,0.074,79.0,223.6,83.75,104.5,31.5,38.0,10.63,3.21,16.0,5.4,80.5,9.25,9.5,2.83
528,Raul Neto,1620564.0,30.0,73.0,180.0,7.7,2.2,2.2,0.081,,,,,,,,,,,,,,
529,Robin Lopez,7300000.0,34.0,84.0,281.0,8.2,0.9,4.1,0.084,,,,,,,,,,,,,,
530,Rui Hachimura,4692840.0,24.0,80.0,230.0,13.4,1.5,5.8,0.085,,,,,,,,,,,,,,
531,Russell Westbrook,41358814.0,34.0,75.0,200.0,21.7,10.3,9.5,0.146,74.25,192.0,79.75,100.0,30.0,36.5,10.98,3.08,12.0,4.8,75.5,,,
532,Thomas Bryant,8333333.0,25.0,82.0,248.0,14.3,1.5,6.1,0.111,81.5,247.8,90.0,112.5,25.5,33.0,11.42,3.37,7.0,9.4,82.75,9.5,10.25,3.12
