,id,age,height,weight,position,draft_round,pts,ast,reb,value
0,203992,0.42857142857142855,0.47368421052631576,0.4166666666666667,5,1,0.3018867924528302,0.20535714285714285,0.2323943661971831,18000000.0
1,1629164,0.2857142857142857,0.15789473684210525,0.08333333333333333,5,0,0.12264150943396226,0.14285714285714288,0.07042253521126761,1701593.0
2,1628981,0.14285714285714285,0.631578947368421,0.5833333333333334,3,2,0.04716981132075471,0.03571428571428572,0.21126760563380284,1517981.0
3,1629629,0.09523809523809523,0.5789473684210527,0.4,4,1,0.3522012578616352,0.11607142857142859,0.28169014084507044,4458000.0
4,203991,0.3333333333333333,0.6842105263157895,0.5833333333333334,0,1,0.449685534591195,0.08035714285714286,1.0,16000000.0
5,201568,0.6190476190476191,0.6842105263157895,0.525,2,1,0.4025157232704403,0.13392857142857142,0.2746478873239437,19500000.0
6,1629631,0.14285714285714285,0.5789473684210527,0.4583333333333333,4,1,0.5251572327044025,0.19642857142857145,0.36619718309859156,7422000.0
7,1628381,0.19047619047619047,0.631578947368421,0.5416666666666666,3,1,0.5754716981132075,0.11607142857142859,0.5492957746478874,4137302.0
8,1628989,0.14285714285714285,0.5263157894736842,0.16666666666666666,6,1,0.37421383647798745,0.32142857142857145,0.2605633802816902,2761920.0
9,1629017,0.23809523809523808,0.3157894736842105,0.3333333333333333,5,2,0.07232704402515723,0.026785714285714288,0.04225352112676056,744684.0
10,1627739,0.3333333333333333,0.3157894736842105,0.2916666666666667,5,1,0.22955974842767293,0.3035714285714286,0.2535211267605634,4767000.0
11,101150,0.6666666666666666,0.21052631578947367,0.041666666666666664,5,2,0.3773584905660377,0.3125,0.147887323943662,8000000.0
12,203524,0.47619047619047616,0.47368421052631576,0.4666666666666667,2,1,0.1320754716981132,0.08035714285714286,0.1619718309859155,1620564.0
13,203503,0.42857142857142855,0.47368421052631576,0.35833333333333334,5,1,0.1761006289308176,0.125,0.1619718309859155,12178571.0
14,1629027,0.14285714285714285,0.21052631578947367,0.08333333333333333,5,1,0.8081761006289307,0.8392857142857144,0.2887323943661972,6571800.0
15,1629035,0.14285714285714285,0.10526315789473684,0.25,5,2,0.16037735849056603,0.053571428571428575,0.07746478873239437,1517981.0
16,1627743,0.3333333333333333,0.21052631578947367,0.25833333333333336,5,2,0.05660377358490566,0.0625,0.04929577464788732,92857.0
17,203095,0.38095238095238093,0.5263157894736842,0.2916666666666667,6,1,0.6163522012578617,0.3303571428571429,0.21126760563380284,17450000.0
18,1629684,0.09523809523809523,0.47368421052631576,0.55,2,1,0.15723270440251572,0.08035714285714286,0.20422535211267606,2498760.0
19,1627824,0.23809523809523808,0.5789473684210527,0.75,2,1,0.07232704402515723,0.03571428571428572,0.09859154929577464,1039080.0
20,1627759,0.19047619047619047,0.47368421052631576,0.44166666666666665,6,1,0.7767295597484276,0.34821428571428575,0.39436619718309857,23437500.0
21,1628369,0.14285714285714285,0.5789473684210527,0.3333333333333333,4,1,0.7830188679245282,0.38392857142857145,0.47887323943661975,9897120.0
22,202689,0.5238095238095238,0.15789473684210525,0.11666666666666667,5,1,0.5566037735849056,0.4107142857142857,0.2535211267605634,34379100.0
23,1628436,0.2857142857142857,0.8947368421052632,0.6666666666666666,3,0,0.06289308176100629,0.026785714285714288,0.08450704225352113,2250000.0
24,203935,0.3333333333333333,0.3157894736842105,0.4166666666666667,5,1,0.4025157232704403,0.4821428571428572,0.19718309859154928,13446428.0
25,1629021,0.19047619047619047,0.7368421052631579,0.625,3,1,0.2232704402515723,0.11607142857142859,0.20422535211267606,2161920.0
26,1629641,0.047619047619047616,0.3684210526315789,0.38333333333333336,6,1,0.07861635220125786,0.03571428571428572,0.09154929577464789,3631200.0
27,1628400,0.2857142857142857,0.47368421052631576,0.5833333333333334,2,2,0.169811320754717,0.07142857142857144,0.21126760563380284,1752950.0
28,202684,0.47619047619047616,0.631578947368421,0.7,1,1,0.24842767295597484,0.08928571428571429,0.591549295774648,9258000.0
29,1628993,0.23809523809523808,0.5263157894736842,0.35,2,2,0.06289308176100629,0.03571428571428572,0.19718309859154928,110998.0
30,203460,0.42857142857142855,0.5263157894736842,0.3333333333333333,6,1,0.03773584905660377,0.07142857142857144,0.21126760563380284,163818.0
31,201933,0.5714285714285714,0.631578947368421,0.6666666666666666,2,1,0.36477987421383645,0.3125,0.35211267605633806,776873.0
32,201933,0.5714285714285714,0.631578947368421,0.6666666666666666,2,1,0.36477987421383645,0.3125,0.35211267605633806,32670565.0
33,201599,0.6190476190476191,0.7368421052631579,0.7916666666666666,0,2,0.23899371069182387,0.1517857142857143,0.5281690140845071,10375678.0
34,202697,0.5238095238095238,0.42105263157894735,0.35,5,1,0.031446540880503145,0.0,0.035211267605633804,447155.0
35,201935,0.5714285714285714,0.42105263157894735,0.4166666666666667,5,1,0.7955974842767296,1.0,0.5563380281690141,41254920.0
36,201145,0.7142857142857143,0.5789473684210527,0.5416666666666666,2,1,0.30817610062893086,0.13392857142857142,0.2676056338028169,1620564.0
37,203925,0.47619047619047616,0.47368421052631576,0.4166666666666667,6,2,0.4622641509433962,0.16071428571428573,0.24647887323943662,16071429.0
38,201142,0.6190476190476191,0.6842105263157895,0.5833333333333334,2,1,0.9119496855345912,0.47321428571428575,0.5140845070422535,40108950.0
39,202681,0.42857142857142855,0.2631578947368421,0.20833333333333334,5,1,0.8836477987421384,0.5089285714285715,0.3380281690140845,33460350.0
40,200746,0.7619047619047619,0.7368421052631579,0.6666666666666666,1,1,0.43081761006289304,0.1517857142857143,0.31690140845070425,554988.0
41,200746,0.7619047619047619,0.7368421052631579,0.6666666666666666,1,1,0.43081761006289304,0.1517857142857143,0.31690140845070425,16750000.0
42,1629013,0.19047619047619047,0.3684210526315789,0.16666666666666666,5,1,0.24528301886792453,0.09821428571428573,0.1267605633802817,2090040.0
43,1629651,0.09523809523809523,0.7368421052631579,0.375,3,2,0.30817610062893086,0.08035714285714286,0.3028169014084507,1517981.0
44,203943,0.2857142857142857,0.6842105263157895,0.725,2,1,0.0,0.026785714285714288,0.02112676056338028,263995.0
45,203658,0.38095238095238093,0.6842105263157895,0.5083333333333333,0,0,0.07232704402515723,0.026785714285714288,0.14084507042253522,217845.0
46,203658,0.38095238095238093,0.6842105263157895,0.5083333333333333,0,0,0.07232704402515723,0.026785714285714288,0.14084507042253522,99020.0
47,203658,0.38095238095238093,0.6842105263157895,0.5083333333333333,0,0,0.07232704402515723,0.026785714285714288,0.14084507042253522,99020.0
48,203915,0.38095238095238093,0.42105263157894735,0.375,5,2,0.21069182389937108,0.26785714285714285,0.3028169014084507,11454048.0
49,1629076,0.19047619047619047,0.5789473684210527,0.7083333333333334,2,0,0.0220125786163522,0.026785714285714288,0.10563380281690142,99020.0
50,204020,0.42857142857142855,0.3157894736842105,0.13333333333333333,5,0,0.16352201257861634,0.08035714285714286,0.1267605633802817,1620564.0
51,202687,0.42857142857142855,0.5789473684210527,0.7083333333333334,0,1,0.17295597484276728,0.11607142857142859,0.38732394366197187,3500000.0
52,202954,0.5714285714285714,0.3157894736842105,0.3333333333333333,5,0,0.14779874213836477,0.22321428571428573,0.11971830985915494,2250000.0
53,1628997,0.2857142857142857,0.42105263157894735,0.2916666666666667,2,0,0.16666666666666666,0.09821428571428573,0.18309859154929578,1517981.0
54,1628998,0.2857142857142857,0.42105263157894735,0.2916666666666667,2,2,0.11949685534591194,0.10714285714285715,0.16901408450704225,1517981.0
55,203469,0.42857142857142855,0.7368421052631579,0.5833333333333334,3,1,0.2893081761006289,0.20535714285714285,0.5,15415730.0
56,1628984,0.2857142857142857,0.21052631578947367,0.20833333333333334,5,2,0.41194968553459116,0.46428571428571436,0.19014084507042256,1663861.0
57,202330,0.5238095238095238,0.5263157894736842,0.4583333333333333,2,1,0.6415094339622641,0.37500000000000006,0.39436619718309857,28500000.0
58,1629667,0.14285714285714285,0.631578947368421,0.2916666666666667,3,2,0.14150943396226415,0.044642857142857144,0.16901408450704225,1517981.0
59,1628370,0.14285714285714285,0.3157894736842105,0.25,5,1,0.3867924528301887,0.16071428571428573,0.19014084507042256,5345687.0
60,1628970,0.14285714285714285,0.47368421052631576,0.4583333333333333,2,1,0.3018867924528302,0.17857142857142858,0.39436619718309857,3934320.0
61,201587,0.5714285714285714,0.5789473684210527,0.5,6,1,0.27044025157232704,0.20535714285714285,0.33098591549295775,9043478.0
62,201587,0.5714285714285714,0.5789473684210527,0.5,6,1,0.27044025157232704,0.20535714285714285,0.33098591549295775,1620564.0
63,1626179,0.3333333333333333,0.21052631578947367,0.16666666666666666,5,1,0.6352201257861635,0.29464285714285715,0.2676056338028169,18900000.0
64,1629632,0.047619047619047616,0.42105263157894735,0.20833333333333334,5,1,0.47798742138364775,0.4196428571428572,0.323943661971831,5572680.0
65,1626245,0.42857142857142855,0.7368421052631579,0.8333333333333334,3,0,0.050314465408805034,0.0625,0.11971830985915494,7529020.0
66,1628464,0.42857142857142855,0.5789473684210527,0.625,3,0,0.29559748427672955,0.14285714285714288,0.3732394366197183,5000000.0
67,1627756,0.3333333333333333,0.3684210526315789,0.4166666666666667,5,1,0.23270440251572327,0.1517857142857143,0.2746478873239437,4642800.0
68,202066,0.7142857142857143,0.42105263157894735,0.20833333333333334,6,0,0.2672955974842767,0.17857142857142858,0.2183098591549296,4767000.0
69,1629750,0.38095238095238093,0.3684210526315789,0.2916666666666667,6,0,0.1320754716981132,0.03571428571428572,0.147887323943662,1517981.0
70,1628374,0.19047619047619047,0.7894736842105263,0.5833333333333334,3,1,0.5566037735849056,0.08035714285714286,0.4225352112676057,6731508.0
71,202696,0.47619047619047616,0.7368421052631579,0.75,0,1,0.770440251572327,0.3392857142857143,0.823943661971831,26000000.0
72,1627853,0.3333333333333333,0.3157894736842105,0.20833333333333334,5,0,0.10062893081761007,0.10714285714285715,0.11267605633802819,3000000.0
73,201152,0.6190476190476191,0.5789473684210527,0.5416666666666666,2,1,0.38364779874213834,0.3928571428571429,0.45774647887323944,13545000.0
74,203107,0.42857142857142855,0.5263157894736842,0.3333333333333333,5,2,0.2358490566037736,0.4285714285714286,0.17605633802816903,10000000.0
75,203897,0.2857142857142857,0.42105263157894735,0.25,6,1,0.8867924528301886,0.43750000000000006,0.35915492957746475,19500000.0
76,203083,0.38095238095238093,0.6842105263157895,0.9083333333333333,0,1,0.550314465408805,0.23214285714285718,0.9507042253521127,27957238.0
77,203083,0.38095238095238093,0.6842105263157895,0.9083333333333333,0,1,0.550314465408805,0.23214285714285718,0.9507042253521127,554988.0
78,1626224,0.2857142857142857,0.5263157894736842,0.5,2,2,0.31761006289308175,0.2410714285714286,0.2535211267605634,8840580.0
79,1629012,0.09523809523809523,0.21052631578947367,0.16666666666666666,5,1,0.7547169811320754,0.38392857142857145,0.19718309859154928,4991880.0
80,1628422,0.3333333333333333,0.42105263157894735,0.3333333333333333,5,2,0.21069182389937108,0.19642857142857145,0.13380281690140844,2000000.0
81,1629636,0.047619047619047616,0.21052631578947367,0.18333333333333332,5,1,0.5157232704402516,0.5178571428571429,0.15492957746478875,6720720.0
82,1629731,0.19047619047619047,0.631578947368421,0.48333333333333334,3,0,0.1289308176100629,0.07142857142857144,0.1619718309859155,1517981.0
83,1629685,0.23809523809523808,0.47368421052631576,0.21666666666666667,6,1,0.169811320754717,0.09821428571428573,0.2535211267605634,2137440.0
84,1628392,0.14285714285714285,0.7894736842105263,0.6666666666666666,1,2,0.11006289308176101,0.044642857142857144,0.19718309859154928,1620564.0
85,1628386,0.14285714285714285,0.7368421052631579,0.6083333333333333,0,1,0.4056603773584906,0.14285714285714288,0.6971830985915494,3909902.0
86,2747,0.7619047619047619,0.47368421052631576,0.4166666666666667,5,1,0.389937106918239,0.18750000000000003,0.2183098591549296,1456667.0
87,201567,0.6190476190476191,0.5789473684210527,0.675,3,1,0.18238993710691823,0.11607142857142859,0.2323943661971831,31258256.0
88,203521,0.5238095238095238,0.3157894736842105,0.25,5,0,0.09748427672955975,0.28571428571428575,0.09154929577464789,1620564.0
89,1626188,0.38095238095238093,0.21052631578947367,0.08333333333333333,5,0,0.09119496855345911,0.0625,0.04929577464788732,110998.0
90,1626188,0.38095238095238093,0.21052631578947367,0.08333333333333333,5,0,0.09119496855345911,0.0625,0.04929577464788732,1000000.0
91,1629730,0.19047619047619047,0.3157894736842105,0.325,5,0,0.12578616352201258,0.08928571428571429,0.0,340000.0
92,1627752,0.3333333333333333,0.5263157894736842,0.4,2,1,0.2610062893081761,0.1517857142857143,0.2535211267605634,12250000.0
93,1627748,0.19047619047619047,0.7894736842105263,0.425,3,1,0.11949685534591194,0.044642857142857144,0.1619718309859155,309355.0
94,1627812,0.38095238095238093,0.15789473684210525,0.06666666666666667,5,0,0.29874213836477986,0.22321428571428573,0.24647887323943662,110998.0
95,1626246,0.6190476190476191,1.0,1.0,0,0,0.13836477987421383,0.01785714285714286,0.2746478873239437,3500000.0
96,203939,0.47619047619047616,0.6842105263157895,0.5833333333333334,3,2,0.13836477987421383,0.07142857142857144,0.2323943661971831,11080125.0
97,1628973,0.23809523809523808,0.21052631578947367,0.16666666666666666,5,2,0.38364779874213834,0.28571428571428575,0.23943661971830987,1663861.0
98,200755,0.8095238095238095,0.3157894736842105,0.25,5,1,0.27358490566037735,0.11607142857142859,0.11971830985915494,13013700.0
99,1626196,0.38095238095238093,0.42105263157894735,0.25,5,2,0.41823899371069184,0.2410714285714286,0.2323943661971831,10865952.0
100,204001,0.2857142857142857,0.9473684210526315,0.5833333333333334,3,1,0.6194968553459119,0.11607142857142859,0.6056338028169014,29467800.0
101,1629029,0.09523809523809523,0.5263157894736842,0.5,4,1,0.9119496855345912,0.8214285714285714,0.591549295774648,8049360.0
102,1628467,0.42857142857142855,0.6842105263157895,0.5833333333333334,2,0,0.24528301886792453,0.125,0.3802816901408451,8325000.0
103,1629740,0.47619047619047616,0.631578947368421,0.55,2,0,0.06289308176100629,0.09821428571428573,0.18309859154929578,3897436.0
104,203504,0.38095238095238093,0.15789473684210525,0.125,5,1,0.22012578616352202,0.13392857142857142,0.06338028169014084,3000000.0
105,203932,0.2857142857142857,0.5789473684210527,0.5416666666666666,2,1,0.45911949685534587,0.38392857142857145,0.4647887323943662,18136364.0
106,1629109,0.2857142857142857,0.47368421052631576,0.4583333333333333,2,0,0.10691823899371068,0.08035714285714286,0.22535211267605637,2000000.0
107,1627750,0.19047619047619047,0.3157894736842105,0.375,5,1,0.6635220125786164,0.4285714285714286,0.28169014084507044,27285000.0
108,203210,0.5238095238095238,0.5789473684210527,0.475,3,0,0.27358490566037735,0.07142857142857144,0.38732394366197187,7199760.0
109,201580,0.6190476190476191,0.7894736842105263,0.8333333333333334,1,1,0.25157232704402516,0.08928571428571429,0.36619718309859156,4200000.0
110,1628420,0.2857142857142857,0.2631578947368421,0.10833333333333334,5,2,0.3270440251572327,0.3035714285714286,0.15492957746478875,1723707.0
111,203999,0.2857142857142857,0.7368421052631579,0.95,0,2,0.8522012578616353,0.7678571428571429,0.795774647887324,29542010.0
112,200794,0.7619047619047619,0.5263157894736842,0.725,2,2,0.29874213836477986,0.14285714285714288,0.35211267605633806,10000000.0
113,1628408,0.19047619047619047,0.47368421052631576,0.2916666666666667,6,0,0.24213836477987422,0.14285714285714288,0.2676056338028169,1762796.0
114,1628427,0.19047619047619047,0.5789473684210527,0.55,2,2,0.0440251572327044,0.026785714285714288,0.08450704225352113,1517981.0
115,203115,0.47619047619047616,0.47368421052631576,0.09166666666666666,5,2,0.40880503144654085,0.28571428571428575,0.2887323943661972,13723214.0
116,202709,0.47619047619047616,0.3157894736842105,0.25,5,1,0.21069182389937108,0.2142857142857143,0.15492957746478875,12600000.0
117,203473,0.5714285714285714,0.7894736842105263,0.625,0,0,0.20125786163522014,0.0625,0.4225352112676057,2866667.0
118,1629058,0.09523809523809523,0.631578947368421,0.39166666666666666,6,1,0.13522012578616352,0.08035714285714286,0.13380281690140844,2002800.0
119,1628977,0.14285714285714285,0.42105263157894735,0.26666666666666666,5,2,0.37421383647798745,0.2142857142857143,0.36619718309859156,1663861.0
120,1626143,0.23809523809523808,0.6842105263157895,0.8333333333333334,1,1,0.13522012578616352,0.026785714285714288,0.1619718309859155,1882867.0
121,203924,0.3333333333333333,0.5789473684210527,0.3333333333333333,2,2,0.7327044025157233,0.25,0.35211267605633806,19050000.0
122,1628367,0.19047619047619047,0.5789473684210527,0.30833333333333335,6,1,0.4150943396226415,0.18750000000000003,0.295774647887324,4767000.0
123,203486,0.5238095238095238,0.7368421052631579,0.7,3,1,0.32389937106918243,0.32142857142857145,0.6690140845070423,8000000.0
124,203585,0.47619047619047616,0.3684210526315789,0.2916666666666667,5,0,0.1761006289308176,0.08928571428571429,0.09859154929577464,5192307.0
125,1629635,0.0,0.5789473684210527,0.5,2,1,0.12264150943396226,0.053571428571428575,0.15492957746478875,3449400.0
126,201961,0.6190476190476191,0.3684210526315789,0.30833333333333335,5,1,0.3333333333333333,0.125,0.1267605633802817,1620564.0
127,201961,0.6190476190476191,0.3684210526315789,0.30833333333333335,5,1,0.3333333333333333,0.125,0.1267605633802817,1000000.0
128,1629015,0.09523809523809523,0.3157894736842105,0.2916666666666667,5,1,0.11635220125786164,0.08035714285714286,0.08450704225352113,1068200.0
129,1629346,0.047619047619047616,0.6842105263157895,0.375,2,2,0.05345911949685534,0.0,0.0,1517981.0
130,203952,0.2857142857142857,0.5263157894736842,0.225,2,1,0.5566037735849056,0.18750000000000003,0.323943661971831,29542010.0
131,1627814,0.38095238095238093,0.42105263157894735,0.3333333333333333,6,0,0.21069182389937108,0.125,0.2323943661971831,1762796.0
132,203110,0.5238095238095238,0.47368421052631576,0.5,2,2,0.19182389937106917,0.7500000000000001,0.4647887323943662,22246956.0
133,1629672,0.19047619047619047,0.47368421052631576,0.7083333333333334,2,2,0.29874213836477986,0.11607142857142859,0.22535211267605637,1517981.0
134,1629673,0.09523809523809523,0.3684210526315789,0.2,5,1,0.339622641509434,0.125,0.11267605633802819,2063280.0
135,203145,0.5714285714285714,0.3684210526315789,0.20833333333333334,6,0,0.19182389937106917,0.14285714285714288,0.20422535211267606,1620564.0
136,1626172,0.23809523809523808,0.631578947368421,0.43333333333333335,2,1,0.12264150943396226,0.14285714285714288,0.295774647887324,4821429.0
137,202691,0.5238095238095238,0.47368421052631576,0.375,5,1,0.6761006289308176,0.2142857142857143,0.2676056338028169,35361360.0
138,2733,0.7619047619047619,0.5263157894736842,0.18333333333333332,5,1,0.1981132075471698,0.26785714285714285,0.16901408450704225,666667.0
139,201939,0.6190476190476191,0.3157894736842105,0.125,5,1,0.9119496855345912,0.5535714285714286,0.3732394366197183,43006362.0
140,202340,0.47619047619047616,0.3157894736842105,0.08333333333333333,5,1,0.2672955974842767,0.125,0.1267605633802817,5635000.0
141,203463,0.38095238095238093,0.3157894736842105,0.20833333333333334,5,1,0.20754716981132074,0.08035714285714286,0.15492957746478875,2283034.0
142,203463,0.38095238095238093,0.3157894736842105,0.20833333333333334,5,1,0.20754716981132074,0.08035714285714286,0.15492957746478875,455090.0
143,203998,0.2857142857142857,0.631578947368421,0.4,2,1,0.0880503144654088,0.01785714285714286,0.1619718309859155,361256.0
144,1629598,0.19047619047619047,0.0,0.08333333333333333,5,0,0.15408805031446543,0.07142857142857144,0.06338028169014084,1517981.0
145,1626174,0.2857142857142857,0.6842105263157895,0.36666666666666664,2,0,0.6886792452830188,0.125,0.6901408450704226,13015874.0
146,203957,0.2857142857142857,0.42105263157894735,0.36666666666666664,5,1,0.11949685534591194,0.19642857142857145,0.19718309859154928,9600000.0
147,1629610,0.19047619047619047,0.42105263157894735,0.5,6,0,0.12264150943396226,0.026785714285714288,0.11267605633802819,1445697.0
148,1628021,0.38095238095238093,0.42105263157894735,0.4083333333333333,6,0,0.2893081761006289,0.08928571428571429,0.2746478873239437,1824003.0
149,202326,0.5238095238095238,0.6842105263157895,0.8333333333333334,0,1,0.3018867924528302,0.2142857142857143,0.5352112676056338,1620564.0
150,202326,0.5238095238095238,0.6842105263157895,0.8333333333333334,0,1,0.3018867924528302,0.2142857142857143,0.5352112676056338,110998.0
151,201569,0.5714285714285714,0.3157894736842105,0.375,5,1,0.559748427672956,0.23214285714285718,0.147887323943662,16869276.0
152,1626170,0.42857142857142855,0.3684210526315789,0.23333333333333334,5,1,0.19182389937106917,0.25892857142857145,0.13380281690140844,50000.0
153,202322,0.5238095238095238,0.3157894736842105,0.3333333333333333,5,1,0.6635220125786164,0.5625,0.24647887323943662,41254920.0
154,203482,0.47619047619047616,0.7368421052631579,0.5833333333333334,3,1,0.31446540880503143,0.18750000000000003,0.4295774647887324,12819649.0
155,1628425,0.2857142857142857,0.42105263157894735,0.4083333333333333,6,2,0.23899371069182387,0.14285714285714288,0.31690140845070425,1620564.0
156,1627786,0.2857142857142857,0.5263157894736842,0.4,2,0,0.18867924528301885,0.0625,0.19014084507042256,122741.0
157,1628988,0.23809523809523808,0.15789473684210525,0.125,5,1,0.2169811320754717,0.1517857142857143,0.08450704225352113,2345640.0
158,1627747,0.3333333333333333,0.47368421052631576,0.2916666666666667,5,1,0.5440251572327044,0.47321428571428575,0.295774647887324,16203704.0
159,1627734,0.23809523809523808,0.7368421052631579,0.5833333333333334,3,1,0.6352201257861635,0.5535714285714286,0.7887323943661971,19800000.0
160,203926,0.42857142857142855,0.5263157894736842,0.4583333333333333,2,1,0.42767295597484273,0.125,0.2746478873239437,7333333.0
161,1628410,0.23809523809523808,0.3684210526315789,0.21666666666666667,5,2,0.15408805031446543,0.03571428571428572,0.09859154929577464,2160000.0
162,1629048,0.09523809523809523,0.7368421052631579,0.6666666666666666,1,1,0.11949685534591194,0.026785714285714288,0.15492957746478875,2957520.0
163,203960,0.38095238095238093,0.5263157894736842,0.36666666666666664,2,0,0.08176100628930817,0.00892857142857143,0.13380281690140844,1620564.0
164,1629665,0.047619047619047616,0.3684210526315789,0.125,5,0,0.040880503144654086,0.044642857142857144,0.09154929577464789,1517981.0
165,203087,0.42857142857142855,0.42105263157894735,0.08333333333333333,6,1,0.3490566037735849,0.14285714285714288,0.2535211267605634,10500000.0
166,203200,0.5714285714285714,0.47368421052631576,0.08333333333333333,4,0,0.36477987421383645,0.1517857142857143,0.2746478873239437,5720400.0
167,1629103,0.2857142857142857,0.42105263157894735,0.5,2,0,0.040880503144654086,0.00892857142857143,0.06338028169014084,1445697.0
168,1627763,0.38095238095238093,0.42105263157894735,0.49166666666666664,5,2,0.679245283018868,0.5446428571428571,0.33098591549295775,20700000.0
169,101145,0.7142857142857143,0.3157894736842105,0.125,5,2,0.559748427672956,0.4107142857142857,0.24647887323943662,2245400.0
170,1626167,0.23809523809523808,0.7368421052631579,0.6666666666666666,1,1,0.4150943396226415,0.08928571428571429,0.45774647887323944,18000000.0
171,1629052,0.14285714285714285,0.5263157894736842,0.3333333333333333,4,0,0.05974842767295597,0.03571428571428572,0.09859154929577464,99020.0
172,1629052,0.14285714285714285,0.5263157894736842,0.3333333333333333,4,0,0.05974842767295597,0.03571428571428572,0.09859154929577464,300000.0
173,1627826,0.19047619047619047,0.7894736842105263,0.5833333333333334,0,2,0.2672955974842767,0.09821428571428573,0.49295774647887325,7000000.0
174,202695,0.47619047619047616,0.5263157894736842,0.4583333333333333,2,1,0.8144654088050314,0.43750000000000006,0.44366197183098594,34379100.0
175,1628379,0.23809523809523808,0.42105263157894735,0.3,5,1,0.25157232704402516,0.16071428571428573,0.19014084507042256,5273826.0
176,201976,0.6190476190476191,0.21052631578947367,0.08333333333333333,5,2,0.2610062893081761,0.18750000000000003,0.2605633802816902,13333333.0
177,202335,0.5714285714285714,0.5789473684210527,0.5416666666666666,2,1,0.14779874213836477,0.044642857142857144,0.14084507042253522,3077704.0
178,202335,0.5714285714285714,0.5789473684210527,0.5416666666666666,2,1,0.14779874213836477,0.044642857142857144,0.14084507042253522,737067.0
179,202331,0.5238095238095238,0.5789473684210527,0.4166666666666667,2,1,0.7075471698113207,0.4910714285714286,0.4225352112676057,35450412.0
180,200765,0.7142857142857143,0.21052631578947367,0.08333333333333333,5,1,0.12264150943396226,0.3125,0.14084507042253522,8250000.0
181,202704,0.5238095238095238,0.2631578947368421,0.31666666666666665,5,1,0.27358490566037735,0.25,0.18309859154929578,1620564.0
182,201586,0.5714285714285714,0.6842105263157895,0.5416666666666666,2,1,0.34276729559748426,0.1517857142857143,0.471830985915493,9258000.0
183,1629611,0.23809523809523808,0.42105263157894735,0.375,6,2,0.16666666666666666,0.10714285714285715,0.23943661971830987,1517981.0
184,1627936,0.3333333333333333,0.3684210526315789,0.13333333333333333,5,0,0.18238993710691823,0.2142857142857143,0.20422535211267606,2750000.0
185,1628035,0.42857142857142855,0.5263157894736842,0.375,2,0,0.07861635220125786,0.00892857142857143,0.07746478873239437,1762796.0
186,203076,0.38095238095238093,0.6842105263157895,0.6916666666666667,3,1,0.7075471698113207,0.26785714285714285,0.591549295774648,32742000.0
187,1627745,0.2857142857142857,0.7368421052631579,0.625,0,1,0.09433962264150943,0.01785714285714286,0.14084507042253522,110998.0
188,1627745,0.2857142857142857,0.7368421052631579,0.625,0,1,0.09433962264150943,0.01785714285714286,0.14084507042253522,785285.0
189,203471,0.38095238095238093,0.3157894736842105,0.016666666666666666,5,1,0.4716981132075472,0.4196428571428572,0.24647887323943662,16000000.0
190,201162,0.7619047619047619,0.47368421052631576,0.5583333333333333,2,1,0.015723270440251572,0.044642857142857144,0.11971830985915494,1620564.0
191,1628395,0.2857142857142857,0.5789473684210527,0.38333333333333336,2,2,0.10377358490566037,0.1517857142857143,0.3732394366197183,580062.0
192,1628395,0.2857142857142857,0.5789473684210527,0.38333333333333336,2,2,0.10377358490566037,0.1517857142857143,0.3732394366197183,110998.0
193,1628398,0.2857142857142857,0.6842105263157895,0.425,2,1,0.380503144654088,0.13392857142857142,0.471830985915493,3562178.0
194,2544,0.7619047619047619,0.631578947368421,0.6666666666666666,2,1,0.7987421383647798,0.7053571428571429,0.5563380281690141,39219566.0
195,2736,0.7619047619047619,0.631578947368421,0.5583333333333333,2,1,0.46540880503144655,0.20535714285714285,0.4295774647887324,5000000.0
196,201188,0.7619047619047619,0.7368421052631579,0.7083333333333334,0,2,0.1509433962264151,0.17857142857142858,0.2887323943661972,2564753.0
197,202693,0.5714285714285714,0.631578947368421,0.625,2,1,0.19182389937106917,0.09821428571428573,0.295774647887324,1620564.0
198,1626149,0.3333333333333333,0.5263157894736842,0.5833333333333334,3,2,0.46540880503144655,0.09821428571428573,0.4647887323943662,9258000.0
199,202083,0.7142857142857143,0.3684210526315789,0.4166666666666667,5,0,0.14150943396226415,0.08928571428571429,0.09859154929577464,3623000.0
200,1629634,0.23809523809523808,0.5789473684210527,0.375,2,1,0.37106918238993714,0.13392857142857142,0.38732394366197187,2602920.0
201,1626177,0.2857142857142857,0.7894736842105263,0.7083333333333334,0,2,0.05660377358490566,0.026785714285714288,0.07746478873239437,459414.0
202,1629001,0.14285714285714285,0.2631578947368421,0.25,5,2,0.3018867924528302,0.25892857142857145,0.23943661971830987,9571712.0
203,1628415,0.23809523809523808,0.5263157894736842,0.4583333333333333,6,2,0.4968553459119497,0.23214285714285718,0.21126760563380284,11400000.0
204,203079,0.42857142857142855,0.3157894736842105,0.3333333333333333,5,1,0.41194968553459116,0.25,0.18309859154929578,12650000.0
205,203476,0.5238095238095238,0.6842105263157895,0.6833333333333333,0,1,0.24842767295597484,0.11607142857142859,0.31690140845070425,16587688.0
206,203476,0.5238095238095238,0.6842105263157895,0.6833333333333333,0,1,0.24842767295597484,0.11607142857142859,0.31690140845070425,1000000.0
207,1628960,0.2857142857142857,0.3684210526315789,0.23333333333333334,5,1,0.29874213836477986,0.18750000000000003,0.2183098591549296,2545320.0
208,1629630,0.09523809523809523,0.3157894736842105,0.03333333333333333,5,1,0.6069182389937107,0.6696428571428572,0.2323943661971831,9166800.0
209,1629723,0.23809523809523808,0.42105263157894735,0.3333333333333333,5,0,0.12578616352201258,0.09821428571428573,0.2323943661971831,2100000.0
210,202685,0.42857142857142855,0.7368421052631579,0.7916666666666666,0,1,0.5,0.16071428571428573,0.8661971830985916,15000000.0
211,1626159,0.23809523809523808,0.47368421052631576,0.43333333333333335,4,1,0.24528301886792453,0.16071428571428573,0.3450704225352113,13000000.0
212,203937,0.38095238095238093,0.631578947368421,0.5,4,1,0.4025157232704403,0.3035714285714286,0.4084507042253521,9505100.0
213,1626209,0.2857142857142857,0.5789473684210527,0.4166666666666667,4,1,0.2169811320754717,0.11607142857142859,0.2183098591549296,1977011.0
214,1629741,0.2857142857142857,0.47368421052631576,0.25833333333333336,5,0,0.12264150943396226,0.08928571428571429,0.11971830985915494,2750000.0
215,204025,0.47619047619047616,0.15789473684210525,0.0,5,0,0.040880503144654086,0.20535714285714285,0.09154929577464789,110998.0
216,1626145,0.23809523809523808,0.15789473684210525,0.21666666666666667,5,1,0.2358490566037736,0.38392857142857145,0.15492957746478875,8817143.0
217,1627773,0.42857142857142855,0.7894736842105263,0.75,0,2,0.06918238993710692,0.01785714285714286,0.11267605633802819,350087.0
218,2738,0.8095238095238095,0.47368421052631576,0.375,6,1,0.14779874213836477,0.18750000000000003,0.2535211267605634,15000000.0
219,1628389,0.19047619047619047,0.631578947368421,0.7083333333333334,1,1,0.6037735849056604,0.4821428571428572,0.6690140845070423,5115492.0
220,1629130,0.3333333333333333,0.5263157894736842,0.375,2,0,0.3930817610062893,0.1517857142857143,0.2676056338028169,1663861.0
221,201609,0.7142857142857143,0.3157894736842105,0.16666666666666666,5,2,0.4371069182389937,0.43750000000000006,0.2323943661971831,18000000.0
222,202710,0.5714285714285714,0.5263157894736842,0.5,2,1,0.6698113207547169,0.6517857142857143,0.5563380281690141,34379100.0
223,1629134,0.2857142857142857,0.2631578947368421,0.16666666666666666,5,0,0.41823899371069184,0.23214285714285718,0.22535211267605637,1663861.0
224,1629644,0.09523809523809523,0.5789473684210527,0.375,4,2,0.0849056603773585,0.03571428571428572,0.14084507042253522,1517981.0
225,202357,0.6190476190476191,0.6842105263157895,0.5333333333333333,2,2,0.22641509433962265,0.16964285714285715,0.2676056338028169,7150000.0
226,201583,0.6190476190476191,0.631578947368421,0.5833333333333334,2,1,0.3867924528301887,0.08035714285714286,0.3732394366197183,5214583.0
227,2772,0.7619047619047619,0.5789473684210527,0.375,2,2,0.12578616352201258,0.08928571428571429,0.2323943661971831,12800000.0
228,1629639,0.047619047619047616,0.42105263157894735,0.20833333333333334,5,1,0.4748427672955975,0.3035714285714286,0.3802816901408451,3822240.0
229,2617,1.0,0.5789473684210527,0.5416666666666666,2,0,0.09433962264150943,0.026785714285714288,0.28169014084507044,1620564.0
230,203506,0.42857142857142855,0.3684210526315789,0.35833333333333334,5,1,0.6540880503144654,0.4196428571428572,0.35211267605633806,21000000.0
231,1626171,0.2857142857142857,0.6842105263157895,0.6666666666666666,2,1,0.339622641509434,0.09821428571428573,0.48591549295774655,3623000.0
232,201572,0.6190476190476191,0.7894736842105263,0.9333333333333333,0,1,0.3584905660377358,0.0625,0.35211267605633806,12697675.0
233,1627854,0.38095238095238093,0.2631578947368421,0.2916666666666667,5,0,0.29874213836477986,0.053571428571428575,0.08450704225352113,2337145.0
234,203507,0.2857142857142857,0.7368421052631579,0.6,2,1,0.9119496855345912,0.5714285714285715,0.823943661971831,27528088.0
235,201952,0.6190476190476191,0.3157894736842105,0.20833333333333334,5,1,0.20754716981132074,0.19642857142857145,0.11267605633802819,510589.0
236,201952,0.6190476190476191,0.3157894736842105,0.20833333333333334,5,1,0.20754716981132074,0.19642857142857145,0.11267605633802819,1620564.0
237,202720,0.5714285714285714,0.6842105263157895,0.48333333333333334,2,2,0.20125786163522014,0.07142857142857144,0.2676056338028169,3169348.0
238,201950,0.5238095238095238,0.3157894736842105,0.2916666666666667,5,1,0.5,0.46428571428571436,0.323943661971831,25876111.0
239,203114,0.47619047619047616,0.5263157894736842,0.43333333333333335,2,2,0.6415094339622641,0.4910714285714286,0.4225352112676057,33051724.0
240,202336,0.5714285714285714,0.7368421052631579,0.5,3,1,0.20125786163522014,0.0625,0.4014084507042254,1865546.0
241,1626192,0.38095238095238093,0.42105263157894735,0.325,5,2,0.2169811320754717,0.11607142857142859,0.31690140845070425,4938273.0
242,1629066,0.14285714285714285,0.631578947368421,0.48333333333333334,2,2,0.031446540880503145,0.03571428571428572,0.06338028169014084,1780152.0
243,203648,0.42857142857142855,0.47368421052631576,0.4083333333333333,2,2,0.06918238993710692,0.0625,0.14084507042253522,1701593.0
244,202332,0.5714285714285714,0.7368421052631579,0.6916666666666667,0,1,0.09748427672955975,0.044642857142857144,0.2323943661971831,685340.0
245,1626156,0.23809523809523808,0.3684210526315789,0.19166666666666668,5,1,0.6069182389937107,0.45535714285714285,0.18309859154929578,28649250.0
246,202334,0.5714285714285714,0.631578947368421,0.4,1,1,0.07232704402515723,0.08928571428571429,0.35915492957746475,5005350.0
247,1627774,0.3333333333333333,0.5789473684210527,0.325,2,2,0.19182389937106917,0.07142857142857144,0.13380281690140844,3761085.0
248,1629020,0.09523809523809523,0.631578947368421,0.36666666666666664,2,2,0.1761006289308176,0.125,0.39436619718309857,1663861.0
249,1629633,0.09523809523809523,0.47368421052631576,0.20833333333333334,6,1,0.21383647798742136,0.07142857142857144,0.3028169014084507,6104280.0
250,1629669,0.09523809523809523,0.3684210526315789,0.25833333333333336,5,2,0.330188679245283,0.125,0.15492957746478875,1517981.0
251,1629006,0.14285714285714285,0.3684210526315789,0.35833333333333334,5,1,0.1509433962264151,0.10714285714285715,0.18309859154929578,2651040.0
252,1627823,0.2857142857142857,0.631578947368421,0.36666666666666664,2,1,0.1949685534591195,0.053571428571428575,0.295774647887324,6493000.0
253,1627736,0.19047619047619047,0.3684210526315789,0.14166666666666666,5,1,0.6446540880503144,0.22321428571428573,0.323943661971831,13425895.0
254,1629675,0.09523809523809523,0.631578947368421,0.7833333333333333,1,0,0.3584905660377358,0.10714285714285715,0.323943661971831,1517981.0
255,201937,0.47619047619047616,0.3157894736842105,0.16666666666666666,5,1,0.27672955974842767,0.6071428571428572,0.22535211267605637,17000000.0
256,1627742,0.19047619047619047,0.5789473684210527,0.16666666666666666,2,1,0.761006289308176,0.4196428571428572,0.35915492957746475,27285000.0
257,202339,0.5238095238095238,0.21052631578947367,0.36666666666666664,5,1,0.35534591194968557,0.3303571428571429,0.23943661971830987,16875000.0
258,202738,0.5714285714285714,0.0,0.125,5,2,0.5691823899371069,0.44642857142857145,0.17605633802816903,110998.0
259,201949,0.6666666666666666,0.5263157894736842,0.5833333333333334,2,1,0.1792452830188679,0.1517857142857143,0.21126760563380284,16047100.0
260,1629637,0.047619047619047616,0.7368421052631579,0.4166666666666667,1,1,0.17295597484276728,0.044642857142857144,0.24647887323943662,5105160.0
261,1628404,0.2857142857142857,0.42105263157894735,0.375,5,1,0.2861635220125786,0.19642857142857145,0.5352112676056338,3491159.0
262,1628366,0.14285714285714285,0.47368421052631576,0.16666666666666666,5,1,0.4465408805031446,0.5,0.295774647887324,11003782.0
263,1628414,0.2857142857142857,0.3684210526315789,0.375,5,2,0.03773584905660377,0.026785714285714288,0.028169014084507046,721484.0
264,203500,0.38095238095238093,0.7368421052631579,0.7916666666666666,0,1,0.25471698113207547,0.17857142857142858,0.647887323943662,29592695.0
265,1629117,0.19047619047619047,0.631578947368421,0.2916666666666667,2,0,0.006289308176100629,0.026785714285714288,0.08450704225352113,1620564.0
266,1626195,0.3333333333333333,0.7368421052631579,0.6666666666666666,1,2,0.1981132075471698,0.10714285714285715,0.4366197183098592,1620564.0
267,1629627,0.047619047619047616,0.5263157894736842,0.95,2,1,0.8081761006289307,0.3035714285714286,0.49295774647887325,10245480.0
268,202692,0.47619047619047616,0.47368421052631576,0.36666666666666664,5,1,0.3962264150943396,0.19642857142857145,0.3028169014084507,6000000.0
269,201565,0.6190476190476191,0.2631578947368421,0.25,5,1,0.42452830188679247,0.4017857142857143,0.15492957746478875,7682926.0
270,203901,0.3333333333333333,0.3157894736842105,0.20833333333333334,5,1,0.389937106918239,0.3303571428571429,0.2746478873239437,4767000.0
271,1628373,0.14285714285714285,0.3684210526315789,0.25,5,1,0.13522012578616352,0.07142857142857144,0.08450704225352113,6176578.0
272,1628980,0.19047619047619047,0.3684210526315789,0.3333333333333333,6,1,0.0880503144654088,0.08035714285714286,0.07746478873239437,2017320.0
273,201149,0.7619047619047619,0.7368421052631579,0.5166666666666667,3,1,0.27672955974842767,0.25,0.6338028169014085,6431667.0
274,203089,0.47619047619047616,0.631578947368421,0.4083333333333333,3,1,0.23899371069182387,0.09821428571428573,0.3732394366197183,110998.0
275,203944,0.2857142857142857,0.5789473684210527,0.6666666666666666,3,1,0.7327044025157233,0.5267857142857143,0.767605633802817,18900000.0
276,1629011,0.14285714285714285,0.7894736842105263,0.5833333333333334,1,2,0.27044025157232704,0.053571428571428575,0.591549295774648,1663861.0
277,203457,0.3333333333333333,0.7368421052631579,0.4166666666666667,1,1,0.1509433962264151,0.053571428571428575,0.4225352112676057,5000000.0
278,1629016,0.19047619047619047,0.5789473684210527,0.625,2,1,0.21383647798742136,0.08928571428571429,0.3028169014084507,1988280.0
279,203493,0.47619047619047616,0.47368421052631576,0.2916666666666667,6,1,0.29245283018867924,0.125,0.23943661971830987,4200000.0
280,1629628,0.047619047619047616,0.47368421052631576,0.36666666666666664,4,1,0.5440251572327044,0.26785714285714285,0.4295774647887324,8231760.0
281,201959,0.7619047619047619,0.631578947368421,0.5166666666666667,2,1,0.1320754716981132,0.044642857142857144,0.31690140845070425,1442968.0
282,1628390,0.14285714285714285,0.47368421052631576,0.16666666666666666,5,1,0.006289308176100629,0.01785714285714286,0.007042253521126762,3944013.0
283,1629738,0.38095238095238093,0.7894736842105263,0.5416666666666666,1,0,0.025157232704402517,0.01785714285714286,0.09859154929577464,2619207.0
284,1629678,0.19047619047619047,0.42105263157894735,0.5916666666666667,6,2,0.09433962264150943,0.044642857142857144,0.09859154929577464,1517981.0
285,201143,0.7142857142857143,0.631578947368421,0.5833333333333334,1,1,0.449685534591195,0.29464285714285715,0.471830985915493,27500000.0
286,203085,0.42857142857142855,0.3684210526315789,0.25,5,1,0.22955974842767293,0.17857142857142858,0.15492957746478875,3500000.0
287,1629647,0.047619047619047616,0.5789473684210527,0.31666666666666665,4,1,0.37421383647798745,0.13392857142857142,0.5281690140845071,2399160.0
288,203121,0.5238095238095238,0.47368421052631576,0.4583333333333333,2,2,0.10691823899371068,0.09821428571428573,0.09859154929577464,7000000.0
289,1628402,0.14285714285714285,0.3157894736842105,0.2916666666666667,5,2,0.16352201257861634,0.07142857142857144,0.09859154929577464,250000.0
290,1629676,0.14285714285714285,0.5789473684210527,0.5,2,2,0.2830188679245283,0.1517857142857143,0.38732394366197187,1517981.0
291,1627982,0.38095238095238093,0.15789473684210525,0.08333333333333333,5,0,0.15408805031446543,0.17857142857142858,0.11971830985915494,1620564.0
292,1628382,0.2857142857142857,0.5789473684210527,0.4166666666666667,2,1,0.22012578616352202,0.13392857142857142,0.15492957746478875,5029650.0
293,1629620,0.19047619047619047,0.21052631578947367,0.20833333333333334,5,0,0.0440251572327044,0.07142857142857144,0.04225352112676056,99020.0
294,1629026,0.2857142857142857,0.47368421052631576,0.3333333333333333,6,0,0.22012578616352202,0.16071428571428573,0.2887323943661972,2000000.0
295,202713,0.6190476190476191,0.5789473684210527,0.48333333333333334,2,2,0.20440251572327042,0.07142857142857144,0.20422535211267606,999200.0
296,1629652,0.09523809523809523,0.3157894736842105,0.375,5,0,0.3962264150943396,0.14285714285714288,0.24647887323943662,1517981.0
297,203086,0.42857142857142855,0.7894736842105263,0.75,3,1,0.10377358490566037,0.0625,0.1619718309859155,9400000.0
298,203488,0.47619047619047616,0.6842105263157895,0.5833333333333334,3,2,0.3050314465408805,0.07142857142857144,0.2676056338028169,2283034.0
299,1629650,0.09523809523809523,0.8947368421052632,0.625,0,0,0.20754716981132074,0.026785714285714288,0.45774647887323944,1250000.0
300,1629004,0.19047619047619047,0.5263157894736842,0.2916666666666667,6,2,0.22012578616352202,0.14285714285714288,0.147887323943662,1663861.0
301,1628396,0.14285714285714285,0.6842105263157895,0.65,1,1,0.1509433962264151,0.08035714285714286,0.3450704225352113,3542060.0
302,1629660,0.19047619047619047,0.42105263157894735,0.20833333333333334,6,1,0.3113207547169811,0.32142857142857145,0.24647887323943662,2303040.0
303,1629597,0.23809523809523808,0.42105263157894735,0.4166666666666667,2,0,0.09433962264150943,0.07142857142857144,0.1619718309859155,1445697.0
304,1628407,0.2857142857142857,0.47368421052631576,0.425,6,2,0.3113207547169811,0.09821428571428573,0.19718309859154928,1678854.0
305,203914,0.3333333333333333,0.3684210526315789,0.3333333333333333,5,1,0.3050314465408805,0.1517857142857143,0.17605633802816903,19160714.0
306,1628371,0.19047619047619047,0.7368421052631579,0.5,2,1,0.37421383647798745,0.125,0.47887323943661975,7362566.0
307,203920,0.42857142857142855,0.631578947368421,0.525,0,0,0.17295597484276728,0.08928571428571429,0.36619718309859156,3000000.0
308,1628365,0.14285714285714285,0.3157894736842105,0.325,5,1,0.4056603773584906,0.4821428571428572,0.2183098591549296,12288697.0
309,1628964,0.14285714285714285,0.7894736842105263,0.5083333333333333,0,1,0.14465408805031446,0.026785714285714288,0.2746478873239437,5969040.0
310,203082,0.47619047619047616,0.47368421052631576,0.3,6,1,0.5031446540880503,0.20535714285714285,0.24647887323943662,13500000.0
311,1627732,0.23809523809523808,0.7368421052631579,0.5833333333333334,6,1,0.5062893081761006,0.6785714285714286,0.5633802816901409,30559200.0
312,201980,0.6666666666666666,0.47368421052631576,0.375,5,2,0.2893081761006289,0.1517857142857143,0.2535211267605634,15365853.0
313,2730,0.7142857142857143,0.6842105263157895,0.7916666666666666,1,1,0.20754716981132074,0.07142857142857144,0.5774647887323944,1620564.0
314,1627788,0.19047619047619047,0.5263157894736842,0.26666666666666666,6,1,0.2893081761006289,0.09821428571428573,0.15492957746478875,1762796.0
315,201588,0.7142857142857143,0.3684210526315789,0.15,5,1,0.37106918238993714,0.2767857142857143,0.147887323943662,9590602.0
316,203954,0.3333333333333333,0.7894736842105263,0.9166666666666666,1,1,0.9402515723270439,0.29464285714285715,0.8098591549295775,29542010.0
317,1626147,0.3333333333333333,0.42105263157894735,0.5083333333333333,4,1,0.16352201257861634,0.0625,0.17605633802816903,125000.0
318,1629680,0.19047619047619047,0.42105263157894735,0.25833333333333336,6,1,0.11635220125786164,0.08928571428571429,0.11971830985915494,2711280.0
319,203118,0.6190476190476191,0.5263157894736842,0.5583333333333333,2,2,0.11949685534591194,0.044642857142857144,0.18309859154929578,5005350.0
320,203552,0.5238095238095238,0.2631578947368421,0.125,5,0,0.4056603773584906,0.25892857142857145,0.15492957746478875,7834449.0
321,1629003,0.23809523809523808,0.42105263157894735,0.2916666666666667,6,2,0.4339622641509434,0.2767857142857143,0.1619718309859155,1701593.0
322,202699,0.42857142857142855,0.5789473684210527,0.4666666666666667,2,1,0.6540880503144654,0.32142857142857145,0.5422535211267606,34358850.0
323,1627846,0.38095238095238093,0.42105263157894735,0.4583333333333333,2,2,0.21069182389937108,0.07142857142857144,0.18309859154929578,1752950.0
324,1629661,0.23809523809523808,0.5789473684210527,0.3333333333333333,2,1,0.32389937106918243,0.125,0.2323943661971831,4235160.0
325,1626166,0.3333333333333333,0.21052631578947367,0.10833333333333334,5,1,0.22641509433962265,0.3303571428571429,0.147887323943662,1977011.0
326,101108,0.7619047619047619,0.15789473684210525,0.041666666666666664,5,1,0.4937106918238993,0.7857142857142858,0.33098591549295775,41358814.0
327,203967,0.3333333333333333,0.6842105263157895,0.4583333333333333,3,1,0.32389937106918243,0.11607142857142859,0.295774647887324,9250000.0
328,1629028,0.14285714285714285,0.7368421052631579,0.6666666666666666,0,1,0.4559748427672956,0.14285714285714288,0.7746478873239437,10018200.0
329,1626164,0.19047619047619047,0.42105263157894735,0.3,5,1,0.789308176100629,0.4107142857142857,0.28169014084507044,29467800.0
330,202734,0.5714285714285714,0.3157894736842105,0.175,5,2,0.13522012578616352,0.13392857142857142,0.1267605633802817,1620564.0
331,1626163,0.38095238095238093,0.7894736842105263,0.5833333333333334,3,1,0.20754716981132074,0.14285714285714288,0.2605633802816902,1620564.0
332,203109,0.5238095238095238,0.47368421052631576,0.5416666666666666,2,2,0.31761006289308175,0.17857142857142858,0.35211267605633806,9258000.0
333,1628975,0.2857142857142857,0.21052631578947367,0.25,5,2,0.0880503144654088,0.09821428571428573,0.07746478873239437,3925000.0
334,204038,0.42857142857142855,0.21052631578947367,0.25,5,0,0.16037735849056603,0.07142857142857144,0.07042253521126761,1620564.0
335,1628969,0.23809523809523808,0.47368421052631576,0.325,2,1,0.43081761006289304,0.2142857142857143,0.3450704225352113,4359000.0
336,1628470,0.47619047619047616,0.5263157894736842,0.425,2,0,0.09119496855345911,0.08035714285714286,0.16901408450704225,1620564.0
337,2760,0.9047619047619048,0.7368421052631579,0.8583333333333333,0,2,0.22955974842767293,0.10714285714285715,0.5070422535211268,1913345.0
338,203094,0.5238095238095238,0.631578947368421,0.6666666666666666,2,1,0.18867924528301885,0.03571428571428572,0.21126760563380284,2844430.0
339,1629014,0.09523809523809523,0.3157894736842105,0.09166666666666666,5,1,0.25157232704402516,0.125,0.1619718309859155,2252040.0
340,2546,0.8095238095238095,0.5263157894736842,0.5666666666666667,2,1,0.44025157232704404,0.1517857142857143,0.2323943661971831,1620564.0
341,203468,0.47619047619047616,0.3157894736842105,0.16666666666666666,5,1,0.7484276729559749,0.38392857142857145,0.2676056338028169,29354152.0
342,203081,0.5238095238095238,0.2631578947368421,0.20833333333333334,5,1,0.9465408805031447,0.6875000000000001,0.3098591549295775,31626953.0
343,202683,0.42857142857142855,0.6842105263157895,0.6666666666666666,0,1,0.380503144654088,0.11607142857142859,0.8169014084507042,5005350.0
344,203994,0.3333333333333333,0.7368421052631579,1.0,0,1,0.30817610062893086,0.25,0.5422535211267606,12888889.0
345,1629642,0.047619047619047616,0.42105263157894735,0.4166666666666667,4,1,0.16666666666666666,0.03571428571428572,0.18309859154929578,2210640.0
346,1626181,0.38095238095238093,0.3157894736842105,0.375,5,2,0.6132075471698113,0.16071428571428573,0.21126760563380284,10865952.0
347,203496,0.47619047619047616,0.5263157894736842,0.325,2,0,0.27044025157232704,0.1517857142857143,0.471830985915493,12138345.0
348,1628380,0.14285714285714285,0.7368421052631579,0.6666666666666666,3,1,0.22012578616352202,0.13392857142857142,0.44366197183098594,5406255.0
349,1627741,0.38095238095238093,0.3684210526315789,0.4166666666666667,5,1,0.5314465408805031,0.29464285714285715,0.323943661971831,24701834.0
350,1629002,0.19047619047619047,0.631578947368421,0.4583333333333333,3,2,0.10691823899371068,0.044642857142857144,0.147887323943662,50000.0
351,1629735,0.23809523809523808,0.5789473684210527,0.5333333333333333,2,0,0.0849056603773585,0.044642857142857144,0.1619718309859155,1517981.0
352,1628368,0.14285714285714285,0.3157894736842105,0.125,5,1,0.7484276729559749,0.6607142857142858,0.23943661971830987,8099627.0
353,1626153,0.42857142857142855,0.42105263157894735,0.125,5,1,0.330188679245283,0.45535714285714285,0.323943661971831,9000000.0
354,203922,0.3333333333333333,0.47368421052631576,0.43333333333333335,2,2,0.16666666666666666,0.08035714285714286,0.14084507042253522,930930.0
355,203084,0.42857142857142855,0.5789473684210527,0.4583333333333333,2,1,0.5125786163522013,0.3303571428571429,0.45774647887323944,22215909.0
356,202355,0.5714285714285714,0.7894736842105263,0.7916666666666666,0,2,0.25157232704402516,0.053571428571428575,0.4084507042253521,1620564.0
357,203953,0.2857142857142857,0.5789473684210527,0.625,2,1,0.0849056603773585,0.026785714285714288,0.14084507042253522,6500000.0
358,1629713,0.19047619047619047,0.5263157894736842,0.16666666666666666,6,2,0.0660377358490566,0.044642857142857144,0.035211267605633804,1517981.0
359,1628963,0.09523809523809523,0.7368421052631579,0.5416666666666666,2,1,0.4371069182389937,0.08035714285714286,0.5211267605633804,8963640.0
360,203090,0.38095238095238093,0.5263157894736842,0.4166666666666667,4,1,0.0440251572327044,0.053571428571428575,0.08450704225352113,3623000.0
361,1629662,0.19047619047619047,0.631578947368421,0.6666666666666666,3,1,0.03773584905660377,0.01785714285714286,0.04225352112676056,2075880.0
362,1626158,0.38095238095238093,0.6842105263157895,0.5416666666666666,2,2,0.4371069182389937,0.16071428571428573,0.619718309859155,5005350.0
363,1629056,0.19047619047619047,0.3684210526315789,0.25833333333333336,5,0,0.22012578616352202,0.09821428571428573,0.14084507042253522,1517981.0
364,1629244,0.2857142857142857,0.5263157894736842,0.4583333333333333,6,0,0.15723270440251572,0.0625,0.11267605633802819,110998.0
365,1627749,0.23809523809523808,0.3684210526315789,0.08333333333333333,5,1,0.49056603773584906,0.45535714285714285,0.49295774647887325,14286000.0
366,201942,0.5714285714285714,0.47368421052631576,0.4166666666666667,6,1,0.6477987421383649,0.6607142857142858,0.31690140845070425,27739975.0
367,201960,0.7142857142857143,0.47368421052631576,0.375,2,1,0.279874213836478,0.11607142857142859,0.295774647887324,6119676.0
368,1628401,0.3333333333333333,0.3684210526315789,0.16666666666666666,5,1,0.4025157232704403,0.3035714285714286,0.16901408450704225,3516284.0
369,1629234,0.19047619047619047,0.631578947368421,0.625,3,0,0.14465408805031446,0.08035714285714286,0.22535211267605637,1620564.0
370,1627751,0.2857142857142857,0.8421052631578947,0.625,0,1,0.2232704402515723,0.16071428571428573,0.5492957746478874,8101852.0
371,1629640,0.09523809523809523,0.42105263157894735,0.4166666666666667,4,1,0.4371069182389937,0.17857142857142858,0.45774647887323944,2048040.0
372,1629677,0.047619047619047616,0.6842105263157895,0.475,2,1,0.11949685534591194,0.01785714285714286,0.17605633802816903,2824320.0
373,1627737,0.19047619047619047,0.631578947368421,0.5833333333333334,2,1,0.20440251572327042,0.08928571428571429,0.45774647887323944,1824003.0
374,201988,0.6190476190476191,0.21052631578947367,0.08333333333333333,5,2,0.4056603773584906,0.22321428571428573,0.1267605633802817,13535714.0
375,200752,0.7142857142857143,0.5789473684210527,0.6666666666666666,4,1,0.34276729559748426,0.13392857142857142,0.3450704225352113,14500000.0
376,1626168,0.23809523809523808,0.631578947368421,0.5333333333333333,2,1,0.15723270440251572,0.053571428571428575,0.2676056338028169,5500000.0
377,203458,0.38095238095238093,0.7894736842105263,0.6666666666666666,0,1,0.19182389937106917,0.08035714285714286,0.2535211267605634,2258000.0
378,203458,0.38095238095238093,0.7894736842105263,0.6666666666666666,0,1,0.19182389937106917,0.08035714285714286,0.2535211267605634,1265372.0
379,203382,0.6666666666666666,0.6842105263157895,0.75,1,0,0.19182389937106917,0.08035714285714286,0.38732394366197187,7000000.0
380,1628449,0.38095238095238093,0.631578947368421,0.25,3,0,0.4339622641509434,0.08928571428571429,0.45070422535211274,6500000.0
381,1627761,0.3333333333333333,0.42105263157894735,0.3333333333333333,6,1,0.14465408805031446,0.16964285714285715,0.1619718309859155,1737145.0
382,1627832,0.3333333333333333,0.21052631578947367,0.225,5,0,0.6320754716981133,0.5803571428571429,0.3098591549295775,21250000.0
383,1627740,0.19047619047619047,0.6842105263157895,0.5833333333333334,3,1,0.2358490566037736,0.22321428571428573,0.4225352112676057,110998.0
384,200768,0.7142857142857143,0.15789473684210525,0.21666666666666667,5,1,0.5534591194968553,0.6607142857142858,0.39436619718309857,30500000.0
385,1628384,0.19047619047619047,0.5263157894736842,0.5166666666666667,2,1,0.44025157232704404,0.14285714285714288,0.4014084507042254,3872215.0
386,1627783,0.3333333333333333,0.631578947368421,0.5,2,1,0.6226415094339622,0.4196428571428572,0.5140845070422535,30559200.0
387,1627775,0.23809523809523808,0.5263157894736842,0.09166666666666666,5,2,0.031446540880503145,0.07142857142857144,0.04225352112676056,4000000.0
388,1628778,0.2857142857142857,0.47368421052631576,0.3333333333333333,5,0,0.08176100628930817,0.03571428571428572,0.09154929577464789,1445697.0
389,203918,0.38095238095238093,0.5789473684210527,0.31666666666666665,6,1,0.14779874213836477,0.10714285714285715,0.13380281690140844,10047450.0
390,1626169,0.23809523809523808,0.47368421052631576,0.6,4,1,0.09119496855345911,0.10714285714285715,0.15492957746478875,3804150.0
391,202711,0.5714285714285714,0.5263157894736842,0.4666666666666667,2,2,0.46855345911949686,0.16964285714285715,0.2746478873239437,17850000.0
392,202324,0.47619047619047616,0.631578947368421,0.7916666666666666,2,1,0.18553459119496857,0.08035714285714286,0.3732394366197183,9258000.0
393,1628378,0.23809523809523808,0.21052631578947367,0.375,5,1,0.7987421383647798,0.4910714285714286,0.323943661971831,5195501.0
394,101141,0.6666666666666666,0.631578947368421,0.5416666666666666,2,2,0.0,0.08928571428571429,0.0,754783.0
395,1627777,0.38095238095238093,0.5263157894736842,0.5,2,2,0.15723270440251572,0.0625,0.15492957746478875,1783557.0
396,204060,0.6666666666666666,0.5789473684210527,0.4166666666666667,4,0,0.3867924528301887,0.37500000000000006,0.2535211267605634,10863637.0
397,203903,0.42857142857142855,0.3684210526315789,0.2,5,2,0.550314465408805,0.19642857142857145,0.2746478873239437,11500000.0
398,1629752,0.19047619047619047,0.5263157894736842,0.5166666666666667,2,0,0.02830188679245283,0.01785714285714286,0.05633802816901409,1517981.0
399,1629744,0.3333333333333333,0.3684210526315789,0.16666666666666666,5,0,0.08176100628930817,0.03571428571428572,0.05633802816901409,1517981.0
400,201144,0.6666666666666666,0.21052631578947367,0.041666666666666664,5,1,0.5157232704402516,0.4910714285714286,0.23943661971830987,34502132.0
401,1629671,0.19047619047619047,0.42105263157894735,0.3,6,2,0.06289308176100629,0.01785714285714286,0.11267605633802819,1517981.0
402,1626220,0.38095238095238093,0.3684210526315789,0.4666666666666667,2,0,0.2358490566037736,0.23214285714285718,0.4647887323943662,8500000.0
403,203497,0.42857142857142855,0.8421052631578947,0.7333333333333333,0,1,0.4559748427672956,0.11607142857142859,0.943661971830986,27525281.0
404,1627885,0.38095238095238093,0.5263157894736842,0.16666666666666666,5,0,0.031446540880503145,0.044642857142857144,0.035211267605633804,770433.0
405,1628394,0.23809523809523808,0.8421052631578947,0.49166666666666664,1,1,0.0,0.08928571428571429,0.07042253521126761,374297.0
406,203078,0.38095238095238093,0.3157894736842105,0.30833333333333335,5,1,1.0,0.4107142857142857,0.35915492957746475,28751774.0
407,1628990,0.23809523809523808,0.47368421052631576,0.3333333333333333,4,1,0.05974842767295597,0.053571428571428575,0.20422535211267606,2443440.0
408,1629655,0.14285714285714285,0.6842105263157895,0.5333333333333333,3,2,0.1509433962264151,0.053571428571428575,0.2323943661971831,1517981.0
409,202722,0.38095238095238093,0.6842105263157895,0.4583333333333333,2,2,0.339622641509434,0.08035714285714286,0.20422535211267606,15000000.0
410,1629067,0.047619047619047616,0.5789473684210527,0.08333333333333333,5,2,0.06918238993710692,0.053571428571428575,0.147887323943662,1663861.0
411,202397,0.6190476190476191,0.15789473684210525,0.041666666666666664,5,0,0.16352201257861634,0.4196428571428572,0.24647887323943662,6000000.0
412,1629010,0.19047619047619047,0.3684210526315789,0.16666666666666666,5,1,0.16352201257861634,0.125,0.17605633802816903,3737520.0
413,203526,0.42857142857142855,0.21052631578947367,0.08333333333333333,5,2,0.24213836477987422,0.19642857142857145,0.15492957746478875,1620564.0
414,201577,0.6190476190476191,0.7894736842105263,0.925,0,1,0.2578616352201258,0.08035714285714286,0.2887323943661972,7300000.0
415,1629060,0.14285714285714285,0.5789473684210527,0.5,2,1,0.42138364779874216,0.13392857142857142,0.4084507042253521,4692840.0
416,201566,0.5714285714285714,0.3157894736842105,0.25,5,1,0.6823899371069182,0.9196428571428573,0.6690140845070423,41358814.0
417,1628418,0.19047619047619047,0.6842105263157895,0.65,1,2,0.449685534591195,0.13392857142857142,0.4295774647887324,8333333.0
